{"type":"Topology","arcs":[[[19404,51370],[-21,-506],[138,-63],[45,-232],[73,-163],[64,-45],[-96,-117],[67,-65],[-180,-78],[-22,-89],[158,-110],[12,-63],[160,-73],[146,-184],[34,-112],[-173,-4],[106,-200],[-59,-159],[-106,-145],[45,-58],[-110,-77],[132,-184],[111,-62],[271,50],[48,-97],[-225,-312],[530,14],[160,80],[11,-119],[73,-12],[169,-151]],[[20965,48034],[31,-215],[-190,-329],[-22,-489],[-400,228]],[[20384,47229],[16,196],[-147,-64],[-131,76],[13,169],[-212,-155],[-303,-33],[-69,89],[-116,44],[-27,135],[74,142],[95,95],[-167,419],[-274,143],[-175,-81],[-83,124],[169,54],[-166,271],[-95,67],[176,154],[100,-76],[25,177],[-97,88],[-86,150],[-90,28],[-182,234],[152,165],[-174,113],[32,306],[-150,32],[33,271],[-154,0],[-317,292],[-26,134],[-256,128],[-74,-14],[-364,217],[-78,-30],[-85,100]],[[17171,51389],[-37,20]],[[17134,51409],[116,181],[276,-82],[132,375],[50,-57],[261,-143],[64,-152],[464,-146],[28,-47],[233,35],[189,-44],[150,23],[86,-29],[83,65],[138,-18]],[[17673,43861],[193,-18],[312,-141],[236,11],[214,79],[76,-74],[-287,-201],[-186,-86],[-123,-117],[-114,-13],[-308,-240],[154,-130],[-74,-70]],[[17766,42861],[-187,12],[-220,-121],[66,-70],[-268,-194],[-25,-93],[-120,34],[-93,-74],[-217,-60],[-176,120],[142,157],[-28,63],[-141,75],[171,161],[-54,170],[-66,84],[-256,89],[-217,15],[-255,-125],[-86,-2]],[[15736,43102],[81,137],[-142,53],[185,163],[15,217],[99,23],[-43,91],[35,76],[176,-85],[-2,113],[109,26],[140,-36],[229,-100],[145,102],[-35,229],[46,99]],[[16774,44210],[207,-200],[291,7],[173,-38],[86,-84],[142,-34]],[[15238,47695],[-177,-162],[-23,-226],[-77,-93]],[[14961,47214],[-17,-152],[-70,-135],[-168,-139],[54,-133],[97,-82],[-106,-122],[-25,-139],[-93,-37],[-307,0],[-301,-198],[-90,-13],[-279,78],[-49,153],[-151,-40],[-496,0],[-135,-112],[44,-109]],[[12869,46034],[-221,-29],[-39,101],[-140,-20],[-222,32],[-134,-15],[-662,-14],[-233,58],[10,154]],[[11228,46301],[257,289],[-114,-7],[-140,-114],[-105,-37],[-193,-142],[-69,-107],[-206,16],[-165,-170]],[[10493,46029],[-60,105]],[[10433,46134],[-82,211],[181,108],[92,-103],[211,64],[38,56],[225,129],[292,91],[168,-23],[44,144],[121,133],[-31,49],[164,197],[-38,239],[29,111],[299,231],[230,97],[89,10]],[[12465,47878],[-42,-138],[370,-100],[-73,-124],[27,-165],[-20,-132],[78,-46],[305,-9],[98,-28],[302,26],[138,45],[-4,211],[71,76],[163,84],[153,6],[255,-43],[126,21],[113,147],[315,81],[191,-107],[207,12]],[[3832,47977],[217,-148],[155,16],[205,-19],[159,19],[99,54],[249,-14],[226,-97],[213,-8],[106,-56]],[[5461,47724],[142,-146],[43,-250],[192,-189],[-77,-120],[32,-329],[123,-76],[44,-264],[-248,-70],[-65,-147],[-102,-62]],[[5545,46071],[-142,0],[-208,-56],[-210,-18],[-226,-58],[-459,-64],[-148,87],[-128,5],[-132,82],[-78,179],[-198,36],[-160,-82],[-132,121],[-156,-64],[-101,85],[-40,169],[-387,44],[-145,162],[-197,-20],[-646,-255]],[[1652,46424],[310,877],[59,85],[-19,136],[286,137]],[[2288,47659],[98,-65]],[[2386,47594],[81,-48],[141,83],[40,128],[230,55],[31,-54],[209,139],[139,7],[116,111],[148,17],[197,-110],[114,55]],[[8874,36578],[-394,-305]],[[8480,36273],[-23,69],[-154,42],[-126,-43],[-134,294],[-374,499],[-174,163],[-12,62],[-514,376],[-68,65]],[[6901,37800],[4,243],[108,209],[116,167],[42,128],[410,299],[172,161],[54,119]],[[7807,39126],[62,-147],[83,-81],[125,-49],[150,11],[2,-156],[51,-120],[-78,-83],[-19,-120],[147,-211],[101,-74],[-77,-87],[37,-56],[19,-276],[44,-66],[-20,-206],[93,-179],[53,-243],[146,-177],[148,-228]],[[28771,45161],[-142,-147],[140,-549],[-2,-109],[151,-80],[176,-200],[102,-235],[-416,-148],[13,-245],[92,-341]],[[28885,43107],[-336,-73],[-475,230]],[[28074,43264],[105,87],[0,147],[-205,13],[-257,60],[-97,60],[-382,166]],[[27238,43797],[-446,78]],[[26792,43875],[17,639]],[[26809,44514],[437,3],[-13,476],[210,56],[68,131],[128,-35],[236,-245],[84,-14],[205,124],[104,108],[171,77],[149,13],[183,-47]],[[69934,46406],[973,-40],[433,-111],[164,-164],[224,23],[168,83],[229,-82],[250,-25],[168,-48],[458,67],[113,48],[111,-34],[256,30],[143,77],[213,40],[134,139],[391,-256],[295,-127],[214,17],[237,-85],[261,-55],[230,-105],[90,-70],[397,-75],[113,-57]],[[76199,45596],[-50,-60],[-1605,-1174],[-725,-628]],[[73819,43734],[-1754,-1532],[-318,-26],[-135,-95],[-136,-8]],[[71476,42073],[4,1108],[-252,164],[-120,103],[-180,243],[-205,139],[-262,93],[-158,245],[-257,156],[-252,205],[-560,337],[-190,40],[-246,-3],[-97,32],[-205,162],[-321,114],[-407,235],[-219,28],[-228,-36],[-478,-11],[-304,70],[-380,-50],[-133,7],[-263,83],[-231,50],[-146,98],[-558,553],[-298,77],[-278,-23],[-144,33],[-279,-5],[-235,-33],[-297,-68],[-214,-101],[-235,-209],[-260,41],[-189,-33],[-212,-83],[-208,5],[-116,38],[-285,-21],[-733,228],[-169,2],[-173,-36]],[[60503,46050],[-2,92],[-82,69],[22,92],[-77,81],[30,91],[-106,293],[-37,428],[40,126],[-25,204],[30,188],[78,130],[236,213],[-1,109],[-120,358],[-463,1451]],[[60026,49975],[176,-6],[70,-50],[216,10],[196,-86],[154,-2],[225,-62],[147,79],[188,-25],[72,24],[115,-104],[98,-36],[288,44],[247,-49],[141,-166],[253,-77],[230,-16],[205,91],[174,-32],[134,-71],[156,-174],[143,-65],[257,26],[119,51],[174,-18],[133,33],[116,-68],[160,-188],[101,-26],[74,-92],[79,-11],[161,-123],[286,16],[282,99],[339,243],[107,153],[31,340],[108,137],[14,76],[97,93],[142,193],[254,29],[155,-74],[258,-14],[266,38],[369,-86],[271,4],[95,-394],[112,-152],[47,-145],[8,-252],[55,-90],[161,-103],[175,-253],[211,-219],[160,-105],[27,-279],[-40,-182],[54,-409],[-84,-213],[-52,-288],[30,-244],[-39,-193],[314,-53],[693,-53]],[[88409,87134],[-221,-209],[-132,-25],[-354,71],[-172,-18],[-269,-199],[-146,-28],[-353,-184],[-15,-40],[-340,-113],[-107,-69],[-159,-165],[-82,-15],[-161,44],[-209,-14],[-296,-86],[-62,-50],[33,-327],[-21,-223],[-106,-86],[-213,-56],[-263,-131],[-98,-122],[-92,-345],[44,-115],[-344,-19],[-249,90],[-288,24],[-166,-120],[-199,13],[-808,7],[-81,-15],[-154,48],[-156,0],[-285,130],[-256,-6],[-189,-154],[-1,-167],[-114,-119],[-42,-123],[-105,-117],[-111,-57],[-32,-115],[-236,-295],[-62,-193],[-226,-157],[-148,279],[-133,-18],[-229,-291]],[[80001,83254],[-51,20],[-125,361],[-190,86],[-61,-59],[-203,-80],[-105,-212],[-88,-101],[-98,92],[0,81],[131,107],[-80,149],[-118,-106],[-7,-77],[-87,-141],[-185,-78],[-186,-153],[-133,108],[-200,46],[-368,219],[-128,5],[-168,-56],[-121,12],[-47,96],[26,234],[77,121],[35,138],[-112,111],[-28,120],[-124,69],[-187,2],[-107,68],[-137,24],[-64,62],[-132,24],[-57,83],[-141,66],[-117,116],[69,117],[-10,84],[-191,143],[-52,126],[-98,39]],[[76033,85320],[1594,656],[374,138],[69,1],[184,118],[143,50],[128,148],[184,-37],[1742,556],[518,178],[117,-15],[93,69],[287,105],[1945,622],[940,307],[525,162],[150,94],[228,0],[202,119],[189,187],[299,-13],[103,-128],[140,-19],[256,-129],[326,-56],[67,-185],[187,-15],[217,-157],[7,-181],[145,-93],[79,-235],[263,-105],[233,-10],[385,-211],[57,-107]],[[23355,48957],[-22,-174],[78,-117],[-76,-91],[-208,-30],[-100,-42],[-156,56],[-226,-85]],[[22645,48474],[-27,212],[-136,210],[55,196],[19,245],[-33,140],[125,234],[-32,166],[-134,34],[-504,213],[-177,182],[77,116],[-94,189],[-26,188],[-57,115],[-179,229],[3,111],[-56,70],[-170,69],[-12,99],[-117,116],[10,117],[-37,134]],[[21143,51859],[491,-54],[199,63],[97,63],[86,-10],[236,40],[171,-51],[149,22],[139,-61],[144,-18],[66,114],[179,17],[331,73],[217,69],[153,160],[111,-36],[178,51]],[[24090,52301],[-287,-308],[-81,-166],[71,-184],[151,-36],[175,19],[132,-82],[-8,-224],[28,-277],[72,-77],[-17,-283],[-34,-208],[196,-259],[73,-234],[-263,-56],[-286,34],[-320,-248],[-4,-270],[90,-13],[34,-144],[-138,-12],[-266,49],[-75,-17],[-7,-256],[29,-92]],[[21143,51859],[99,131],[18,187]],[[21260,52177],[-167,151],[-26,181],[157,232],[-58,249],[265,91],[-20,66],[101,60],[38,89],[-45,180],[-105,111],[-31,89],[63,60],[50,226],[96,226],[-37,145],[88,103],[-26,122],[46,115],[-84,85],[-131,66],[-19,60]],[[21415,54884],[37,303],[-12,153],[130,135],[-80,315],[103,137]],[[21593,55927],[251,12],[118,-58],[160,-182],[116,-16],[931,441],[376,-45],[466,-161],[617,-314],[84,-58],[44,-177],[100,-85],[18,-113],[161,-116],[-15,-63],[73,-126],[1,-80],[268,-93],[-15,-104],[106,-85],[291,132],[-23,-130],[56,-96],[-156,-222],[98,-21],[296,22],[-57,-226],[142,-150],[254,-152],[182,-146],[-30,-78]],[[26506,53437],[-71,-80],[-33,-160],[-115,-256],[-40,-417],[-45,-86],[-446,-32],[-382,-180],[-95,-173],[-135,-75],[-314,60],[-120,52],[-209,154],[-411,57]],[[26506,53437],[112,88],[90,-61],[71,135],[146,-16],[53,-58],[116,-2],[-82,-192],[164,-182],[623,111],[283,-171],[211,-169],[391,-134],[298,-58],[189,-17],[251,76],[173,-170]],[[29595,52617],[202,-660],[-359,-659],[-442,-762],[-33,-242],[270,-133],[130,-90],[20,-329],[-146,-112],[-20,114],[-211,-73],[-61,-131],[175,-70],[124,-155],[114,-77],[75,-140],[183,-38],[-5,-160],[156,-34],[55,-243],[-58,-171],[-99,-96],[-369,-189]],[[29296,48167],[-230,272],[-426,241]],[[28640,48680],[184,161],[-72,164],[-157,248],[-16,71],[-132,161],[-421,-110],[-105,138],[-310,108],[-422,-252],[-150,-15],[-913,-23],[-199,10],[111,435],[-43,273],[75,90],[24,133],[-97,134],[-105,-2],[-323,-159],[-282,-19],[-125,-152],[-29,-248],[36,-94],[-59,-130],[39,-51],[-85,-134],[56,-93],[-29,-67],[-318,-218],[-93,31],[-193,-6],[-410,-145],[-171,-18],[-191,43],[-360,13]],[[17766,42861],[74,-60],[105,-174],[178,9],[255,-47],[322,49],[280,112],[183,120]],[[19163,42870],[346,-448],[11,-37]],[[19520,42385],[-172,-117],[-73,-114],[-126,-50],[-87,-85],[-111,-179],[-112,10],[-116,-57],[-178,-4],[-105,-128],[-217,-108],[-80,11],[-5,537],[-193,-15],[130,116],[-77,90],[-194,27],[-189,-138],[-305,-33],[-112,62],[-120,12],[-234,-65],[-97,36],[-254,-47],[-21,-92],[-237,-335],[118,-36],[-44,-75],[-381,-65],[-49,23]],[[15879,41566],[-97,88],[-194,102],[-62,-15],[-148,91],[-72,-86],[-77,48],[-186,-10],[-368,-121]],[[14675,41663],[-14,109],[64,329],[40,83],[143,135],[52,97],[114,94],[225,5],[60,132],[75,45],[-30,121],[-241,81],[44,118],[139,53],[111,-14],[279,51]],[[12572,37319],[-491,-109],[-591,-109]],[[11490,37101],[-137,67],[-36,302],[-65,102],[-222,13],[-335,240],[-77,36]],[[10618,37861],[-142,248],[-170,133],[-29,126],[3,197],[-59,125],[6,86],[-153,169],[-70,272]],[[10004,39217],[206,81],[213,57]],[[10423,39355],[23,-98],[95,-110],[277,-217],[184,-101],[785,-538]],[[11787,38291],[273,-262],[66,-97],[133,-70],[-6,-69],[152,-281],[167,-193]],[[11490,37101],[-319,-72],[-881,-175],[-250,-30]],[[10040,36824],[-60,173],[-144,66],[-99,131],[-62,151],[20,180]],[[9695,37525],[166,-57],[310,38],[34,263],[153,154],[260,-62]],[[9695,37525],[18,198],[-63,167],[13,77],[-92,113],[32,73],[192,124],[38,87],[-123,116],[-74,153],[-1,131],[-95,216],[71,213],[52,78]],[[9663,39271],[222,-86],[119,32]],[[19024,39141],[-227,-81],[-65,-91],[-195,25],[-11,-89],[-100,-23],[-2,-86],[97,-48],[-56,-81],[-125,18],[-61,89],[-98,27],[-195,-92],[-127,-102],[-50,-148]],[[17809,38459],[-100,151],[32,47],[-253,206],[-304,-223],[-466,-122],[327,-248],[-237,22],[-127,-32],[-205,-2],[-200,79],[-110,173],[-69,26]],[[16097,38536],[15,169],[286,72],[48,65],[118,2],[89,105],[6,527],[106,105],[128,67]],[[16893,39648],[170,166],[223,96],[373,-46],[196,39],[398,3],[187,-62],[137,115]],[[18577,39959],[366,-764],[81,-54]],[[19024,39141],[582,-361],[381,-119],[304,-30],[139,-70],[-53,-93],[-258,-186]],[[20119,38282],[-143,-89],[-120,0],[-155,-71],[-123,-150],[24,-51],[-179,-124],[-108,-179],[-130,-9],[-61,-111],[-139,-38],[-70,-73],[-21,-168],[42,-106],[-53,-113],[-210,-55],[-86,-76],[-251,-33],[-124,-131],[-201,31]],[[18011,36736],[-47,88],[-25,200],[40,104],[-57,116],[100,302],[-44,125],[139,172],[33,159],[-106,166],[-32,138],[128,108],[110,149],[-203,26],[-238,-130]],[[9663,39271],[-344,12],[-176,84]],[[9143,39367],[-36,34],[-69,396]],[[9038,39797],[31,22],[75,261],[93,102],[0,64],[110,137]],[[9347,40383],[323,8],[60,44]],[[9730,40435],[336,-270],[71,-102],[156,-134],[178,-237],[73,-40]],[[10544,39652],[-121,-232],[0,-65]],[[5545,46071],[36,-137],[159,-57],[142,-138]],[[5882,45739],[-83,5],[-335,-278],[-218,-77],[-172,-110],[-87,-93],[-50,-177],[-176,-158],[15,-77],[-80,-109],[-138,-304],[-129,-131],[-166,-97],[-110,-128],[-25,-353],[-24,-661]],[[4104,42991],[-371,2],[-3285,0]],[[448,42993],[439,2074],[-422,1014]],[[465,46081],[725,3],[115,-10],[163,93],[157,180],[27,77]],[[14019,41427],[245,-19]],[[14264,41408],[52,-73],[-108,-171],[58,-94],[-40,-57],[12,-420],[151,-258],[-51,-131]],[[14338,40204],[74,-85],[-109,-159],[11,-169],[197,-293],[-284,-102],[-13,-71],[536,-918],[-587,-512],[-159,79],[-128,-28],[44,-216],[-87,-18],[-77,-95],[12,-72]],[[13768,37545],[-779,1043]],[[12989,38588],[375,192],[-67,23],[169,292],[230,236],[82,24],[75,243],[-26,58]],[[13827,39656],[-5,189],[-182,134],[15,87],[-72,94],[-289,90],[-246,313],[-115,173],[-52,140]],[[12881,40876],[52,50],[128,-33],[72,105],[192,-185],[129,-229],[67,1],[97,-101],[121,-62],[273,71],[7,934]],[[465,46081],[-462,1252],[-3,100],[666,707]],[[666,48140],[357,-156],[365,12],[166,-40],[362,-15],[248,-101],[124,-181]],[[7388,53126],[64,-38],[-29,-210],[53,-123],[-142,-285],[36,-69],[-31,-152],[103,16],[32,-162],[-66,-93],[146,-30],[272,-4],[-74,-114],[-105,8],[-174,-99],[-29,-53],[57,-155],[-3,-91],[182,-64],[174,-21],[61,-50],[246,-24],[-7,-142],[-166,-158]],[[7988,51013],[-160,-82],[-80,-182],[-192,62],[-110,84],[-131,-7],[-20,82],[-162,181],[-165,-61],[-95,-89],[-187,-11],[-148,-49],[-219,122],[-153,0],[-173,-78]],[[5993,50985],[-74,243],[47,62],[191,21],[53,50],[-224,324],[-108,52],[-167,169],[100,175],[-78,120],[-1,166]],[[5732,52367],[71,1],[32,159],[59,88],[-1,97],[133,80],[296,92]],[[6322,52884],[134,178],[281,86],[216,-100],[129,146],[162,-10],[144,-58]],[[71476,42073],[11,-180],[113,-87],[-61,-141],[30,-207],[740,-1],[145,-115],[70,-103],[96,-46],[112,-131],[40,-127],[230,24],[134,-42],[171,-116],[404,-190],[118,-88]],[[73829,40523],[90,-152],[-19,-177],[37,-100],[159,-130],[81,-114],[41,-202],[116,-129],[41,-119],[0,-146],[101,-132],[31,-102],[-67,-219],[204,-241],[137,-314],[137,-163],[54,-431],[-9,-212],[102,-78],[101,-145],[40,-133],[166,-296],[18,-137],[-56,-245],[151,-187],[277,-472],[348,-506],[138,-324],[64,-104]],[[76312,34813],[-268,-247],[-105,-10],[-46,-155],[-184,-166],[-8,-183],[113,-139],[-2,-109],[106,-111],[86,-148],[2,-107],[-1056,0],[-72,315],[-105,186],[-59,170],[-147,254],[-141,206],[-992,135],[-2695,367],[-2261,293],[-4264,553],[-1153,178]],[[63061,36095],[-683,1144],[-908,1516],[-246,391],[-243,321]],[[60981,39467],[-602,810],[-764,1009],[-63,102],[-1015,1372],[-732,983],[-468,620],[-952,1284]],[[56385,45647],[165,-66],[59,49],[206,-136],[129,13],[233,83],[123,170],[120,-45],[117,39],[102,-35],[139,81],[-10,109],[132,4],[86,223],[77,39],[176,-20],[329,-127],[117,-21],[104,37],[275,-208],[173,-29],[72,71],[364,-80],[34,112],[343,-183],[196,-25],[113,-58],[267,-25],[64,202],[-159,76],[-28,153]],[[15879,41566],[-27,-183],[172,-64],[-46,-106],[117,-74],[-16,-100],[108,-119],[-119,-156],[-13,-114],[215,-170],[166,-72],[29,-142]],[[16465,40266],[-375,-233],[-35,-68],[-207,-77],[-340,-66],[-242,3],[-93,-37],[-117,81],[-286,-35],[-159,95],[23,138],[61,107],[-3,155],[-48,87],[-132,7],[-63,-59],[-50,-170],[-61,10]],[[14264,41408],[78,77],[164,10],[169,168]],[[7152,49385],[26,-108],[95,-74],[188,-23],[48,-124],[127,24],[275,-43],[151,60],[316,-94],[124,72],[246,27]],[[8748,49102],[60,-153],[-78,-57],[-40,-159],[98,-74],[7,-76],[-100,-144],[28,-229]],[[8723,48210],[-242,-23],[-193,16],[-255,-46],[-114,-156],[-253,83],[-49,-97],[-85,-10],[-87,84],[-144,-53],[-13,-124],[-161,-38]],[[7127,47846],[-183,61],[-429,-116],[-103,60]],[[6412,47851],[127,51],[78,103],[-145,106],[-35,97],[145,145],[164,46]],[[6746,48399],[177,5],[176,113],[69,85],[-91,132],[-275,284],[195,300],[155,67]],[[5394,50558],[197,-178],[213,-28],[391,-178],[182,-137],[-88,-52],[-200,-49],[-180,-108],[-23,-317],[-135,-107]],[[5751,49404],[-65,-48],[-454,69],[-168,-19],[-518,18],[-125,-27],[-102,40],[-131,-6],[-137,-191],[-381,-58],[4,-102],[-64,-69],[-186,73],[-46,101],[-108,97],[-177,42]],[[3093,49324],[135,14],[195,92],[162,245],[25,122],[-83,170],[94,132],[421,-40],[131,111],[199,81]],[[4372,50251],[344,117],[171,-9],[20,74],[224,89],[263,36]],[[45793,49602],[569,-806],[373,-633],[100,-31],[255,-290]],[[47090,47842],[-237,-33],[-151,-48],[-98,-92],[-289,-20],[-372,6],[25,-172],[118,12],[62,102],[92,-141],[-41,-96],[65,-84],[-101,-40],[16,-124],[-39,-80],[111,-129],[-208,-17],[-183,-72]],[[45860,46814],[-105,111],[40,37],[-198,102],[-19,116],[-110,92],[0,56],[111,337],[-186,274],[-121,295],[15,225],[-235,146],[-187,-69],[-70,-76],[-42,-151],[33,-187],[44,-55],[25,-194],[-86,-76],[-10,-165],[31,-67],[24,-239],[-62,-84],[-178,-78],[-32,-153],[-76,-11],[-60,94],[-1928,-2232]],[[42478,44862],[-1377,714],[-771,404],[-46,91],[-148,91]],[[40136,46162],[-107,70],[-135,224],[-165,114],[260,155]],[[39989,46725],[230,-4],[247,61],[63,64],[239,54],[197,9],[340,158],[226,76],[27,237],[151,43],[75,-118],[120,144],[242,185],[15,218],[320,260],[153,47],[163,-23],[83,27],[26,99],[77,19],[-1,147],[84,168],[144,215],[-80,40],[172,181]],[[43302,49032],[69,-9],[265,150],[4,108],[366,16],[445,-142],[881,-198],[101,101],[70,215],[-39,158],[109,169],[220,2]],[[45860,46814],[191,16],[53,-137],[172,-61],[84,-83],[203,-81],[121,-93],[87,53],[210,42],[138,-25],[124,23],[189,-75],[273,17],[379,76],[98,-48],[318,49],[187,-93],[183,-28],[89,-53],[369,-96],[286,26],[23,-53],[173,-26],[147,-63],[201,-189],[128,-191]],[[50286,45721],[-275,-250],[-514,-414]],[[49497,45057],[-119,43],[-150,202],[-145,84],[-180,-10],[-402,25],[-180,-73],[-232,-7],[-91,69],[-169,25],[-283,182],[-151,25],[-154,112],[-140,-21],[-165,23],[-79,48],[-86,173],[-99,52],[-661,122],[-147,-13],[-155,-62],[-3231,-1194]],[[71773,6400],[-127,-73]],[[71646,6327],[-165,-56],[-144,34],[-389,-22],[29,133],[-228,92],[-45,69]],[[70704,6577],[69,210]],[[70773,6787],[58,-86],[112,-61],[203,12],[403,-222],[224,-30]],[[18011,36736],[-242,-54],[-231,-163],[-28,-67],[-163,-38],[-124,-85],[-386,-158],[-119,-63]],[[16718,36108],[-140,12],[-210,137]],[[16368,36257],[-280,177],[-1021,671]],[[15067,37105],[155,43],[96,91],[9,87],[-93,91],[205,400],[-117,215],[258,50],[119,-38],[99,153],[-68,30],[57,191],[310,118]],[[18107,55718],[-134,-234],[-239,124],[-278,-389],[-58,-10],[-188,253],[-109,19],[-113,148],[-222,52],[-171,-83],[-143,-112],[-103,-14],[-319,61],[-233,-54],[-111,24],[-279,-46],[-195,18],[-14,-65],[-134,-64],[-34,-134]],[[15030,55212],[-89,120],[-25,307],[-118,128],[-69,215],[-102,201],[-150,104],[16,205],[-61,124],[-100,53],[-4,134],[-58,60]],[[14270,56863],[296,323],[-88,157],[54,67],[195,68],[152,144],[96,31],[29,323],[-121,122]],[[14883,58098],[226,25],[65,-35],[331,154]],[[15505,58242],[113,-200],[219,-240],[299,-376],[195,-14],[306,-411],[350,-111],[536,-260],[613,-171],[2,-95],[-233,-51],[110,-249],[-157,-60],[52,-256],[197,-30]],[[15872,50397],[163,-271],[449,-601],[195,-228]],[[16679,49297],[-212,-58],[-41,-151],[-67,-43],[-194,57],[-271,-57],[-299,-143],[78,-33],[74,-151],[-137,-104],[-66,-180],[-177,-48],[-147,101],[-50,-71],[-156,-48],[-109,37],[-36,101],[-294,42],[-10,-78],[79,-115],[-122,-60],[-265,-14],[-101,-110],[105,-193],[-55,-126],[-218,-121],[-268,65],[-125,2],[-112,83],[1,58],[-193,-15],[-22,62],[170,124],[-28,74],[41,207],[-113,350]],[[13339,48741],[-14,70],[-149,244]],[[13176,49055],[328,351],[32,99],[-33,165],[116,87],[144,41],[116,-31],[129,-95],[119,54],[171,-6],[39,84],[155,121],[44,237],[54,61],[180,-6],[74,-37],[27,-227],[164,-164],[175,120],[-54,166],[22,62],[146,158],[15,111],[239,25],[294,-34]],[[69934,46406],[12,205],[118,204],[129,72],[102,167],[68,51],[159,22],[226,151],[32,96],[93,70],[166,60],[56,145],[498,34],[196,56],[114,86],[-29,74],[191,157],[305,70],[324,154],[311,297],[347,164],[172,7],[299,159],[322,84],[348,228],[101,-13],[59,105],[256,205],[-2,229],[-153,213],[-480,335],[385,267],[170,232],[215,9],[35,61]],[[75079,50862],[377,-253],[437,-199],[372,-99],[428,-30],[188,-36],[546,-298],[289,-178],[229,-107],[131,-37],[149,-85],[194,-149],[376,-343],[340,-230],[267,-122],[269,-84],[354,-146],[308,-152],[395,-8],[152,-20],[269,-118],[79,-5],[262,64],[328,-47],[284,9],[261,109],[142,-30],[70,138],[130,126],[194,64],[309,-112],[162,17],[109,-24],[157,110],[168,58],[471,5],[411,247],[30,136],[118,51],[127,167],[124,243],[287,83],[241,195],[243,87],[539,110],[240,34],[254,67],[349,151],[390,304],[224,103],[133,37],[195,106],[227,63],[164,101]],[[88571,50935],[8,-1587],[0,-2979],[0,-3303]],[[88579,43066],[-638,-4],[-294,-67],[-186,-12],[-1048,66],[-403,88],[-1316,485],[-294,128],[-178,101],[-371,272],[-226,189],[-241,330],[-102,235],[-324,294],[-226,170],[-101,139],[-111,296],[-207,22],[-213,113],[-528,324],[-136,53],[-277,29],[-309,137],[-157,172],[-232,10],[-1080,-412],[-579,-98],[-467,54],[-194,-38],[-586,-14],[-402,40],[-176,-1],[-89,-43],[-423,-136],[-266,-392]],[[35106,33849],[186,-120]],[[35292,33729],[44,-91],[293,-139]],[[35629,33499],[-162,-49]],[[35467,33450],[-203,-48],[-284,107],[-24,-75],[-161,76],[-192,-29]],[[34603,33481],[100,155],[17,97],[187,166],[199,-50]],[[73819,43734],[70,-94],[546,-808],[47,-120],[280,-1320],[48,-173],[-258,-80],[-192,-208],[-309,-293],[-222,-115]],[[20965,48034],[960,-1],[381,89]],[[22306,48122],[241,112],[184,-37],[310,-300],[81,-44],[207,6],[70,61],[203,8],[146,-77],[64,-78],[206,-159],[143,-216],[167,-170],[-78,-103],[-139,-97],[-67,-119],[29,-110],[-49,-132],[-83,-99],[225,-73],[61,-104],[111,-71],[242,-309]],[[24580,46011],[-377,-471],[-219,-246],[-113,-97],[-138,164],[-71,16],[-98,-114],[-68,-10],[-1,-505],[-59,-85]],[[23436,44663],[-171,-223],[-600,-109]],[[22665,44331],[-14,315],[87,159],[-322,381],[-134,98],[-59,159],[4,183],[-287,-2],[-137,22],[150,225],[-115,-18],[-228,-97]],[[21610,45756],[-4,125],[-112,143],[-248,26],[-338,242],[-497,-7],[-261,216]],[[20150,46501],[38,230],[213,38],[43,146],[-92,63],[76,69],[-66,86],[22,96]],[[74025,71879],[-23,-85],[-135,-941],[55,-619],[65,-241],[6,-197],[47,-206],[134,-382],[88,-157],[76,-301],[97,-274],[104,-373],[-49,-536],[49,-430],[103,-482],[56,-474],[179,-234],[536,-486],[308,-234],[170,-110],[203,-179],[-60,-212],[195,-178],[208,-395]],[[76437,64153],[-158,-138]],[[76279,64015],[-935,592],[-923,-1122],[-98,54],[-17,206],[-168,256],[23,79],[-106,285],[-82,52],[-143,206],[-5,304],[-95,98],[285,78],[-85,54],[-80,323],[-183,96],[-165,179],[-278,133],[-152,158],[-118,256],[-112,300],[-168,249],[-192,210],[-161,297],[-214,323],[-284,304],[-77,-129],[-270,149],[-115,2],[-953,503],[-531,293],[-175,-7],[-118,27],[-110,-35],[-245,65],[-175,107],[-127,-67],[-186,-38],[-398,-184],[-110,11],[-223,-537],[-682,-404],[-61,-155],[-412,-174],[-481,-99],[-563,-196],[-513,-99],[-985,-306],[-786,-97]],[[63527,66615],[-71,49],[0,198],[-291,288]],[[63165,67150],[-82,73],[-181,411]],[[62902,67634],[-44,113],[-5,380],[13,165],[-47,280],[-66,176],[-36,246],[122,293],[-56,301]],[[62783,69588],[651,-283],[152,-93],[229,-204],[214,-31],[444,113],[148,169],[179,166],[135,211],[61,166],[255,549],[242,306],[65,190],[37,309],[-29,260],[115,215],[23,193],[203,252],[47,23],[922,-499],[48,-60],[713,24],[1819,45],[235,519],[931,-55],[331,139],[130,-247],[-28,-145],[708,224],[251,132],[127,30],[-25,282],[-70,200],[1140,-281],[839,-528]],[[37829,33881],[-195,-122],[-37,-118],[-69,-67],[-126,90]],[[37402,33664],[-57,100],[202,129]],[[37547,33893],[249,57],[33,-69]],[[37829,33881],[391,-8],[156,-79],[129,-143]],[[38505,33651],[-205,-64],[121,-250],[-222,-389],[-67,57],[-332,95],[-334,-233]],[[37466,32867],[-323,259],[224,123],[-133,170]],[[37234,33419],[-36,117]],[[37198,33536],[204,128]],[[37375,33917],[-271,-59]],[[37104,33858],[-12,133]],[[37092,33991],[107,-1],[318,112]],[[37517,34102],[69,-52],[-211,-133]],[[37466,32867],[79,-108]],[[37545,32759],[-76,5],[-157,137],[-548,293],[-135,83]],[[36629,33277],[196,46]],[[36825,33323],[210,30],[199,66]],[[37198,33536],[-51,176],[-188,-103],[-27,42]],[[36932,33651],[85,48],[87,159]],[[37375,33917],[172,-24]],[[12465,47878],[68,15],[75,124],[-50,47],[120,265]],[[12678,48329],[42,92],[179,-1],[164,320],[276,1]],[[16679,49297],[184,-204]],[[16863,49093],[369,-438]],[[17232,48655],[-32,-135],[-196,-113],[-160,11],[-176,-32],[-155,16],[-108,-44],[36,-136],[-124,-17],[-67,75],[-87,-130],[-222,-86],[-52,-139],[-109,-91],[-243,-92],[-178,118],[-121,-165]],[[9609,47594],[-71,-391]],[[9538,47203],[-23,-49]],[[9515,47154],[-184,-67],[-298,-35],[-263,-87],[14,-140],[-349,-45],[-33,-144],[-299,184]],[[8103,46820],[-33,70],[16,187],[-25,171]],[[8061,47248],[65,54],[132,-2],[138,81],[42,109],[201,61],[375,71],[393,-21],[175,37]],[[9582,47638],[27,-44]],[[16368,36257],[-95,-82],[-234,-84],[-87,22],[-65,-163],[-145,-13],[-137,78],[-167,55],[-253,-315],[-95,-141],[208,-31],[90,-65],[-313,-284],[-26,148],[-132,32],[-107,118],[-164,-54],[-165,72],[-135,135],[-187,9],[-65,55],[-72,186],[-182,18],[-197,89],[-147,-36],[-109,62],[92,120],[128,-35],[194,152],[114,181],[130,18],[-141,335],[-228,154],[-89,242],[-52,46],[-51,210]],[[13484,37491],[284,54]],[[13768,37545],[874,-165],[425,-275]],[[12421,58756],[-328,-33],[-44,-44],[64,-165],[-17,-73],[197,-17],[-80,-264],[-226,5],[-138,-554],[205,-26],[93,-183],[216,5],[76,-33],[6,-146],[61,-391],[316,-79]],[[12822,56758],[4,-69],[-205,-171],[-124,-26],[-94,95],[-182,-24],[-634,-172],[-98,-55],[-212,168],[-335,62],[-70,-161],[-178,36],[-205,3],[-181,128],[-118,-11],[1,-134],[-85,-15],[-155,54],[-200,35],[-186,-4]],[[9565,56497],[-256,281],[-65,40],[133,265],[-115,7],[-271,96],[-273,176],[-367,381]],[[8351,57743],[395,88],[106,76],[223,57],[211,108],[120,104],[69,138],[395,79],[726,55],[115,-26],[174,51],[132,-19],[158,95],[143,190],[38,114]],[[11356,58853],[1088,214],[-23,-311]],[[88579,43066],[-1,-4937]],[[88578,38129],[-1271,-171],[-30,-47],[255,-287],[164,-151],[150,-240],[65,-339],[112,-344],[124,-219],[83,-67],[156,-228],[334,-328],[-13,-38],[-216,-1453],[-721,-110],[-16,-265],[-169,171],[-1379,510],[-96,-202],[-189,-185],[-73,-154],[11,-101],[121,-231],[116,-166],[-364,-62],[-309,62],[-112,-163],[-58,-181],[-109,-135],[14,-129],[-43,-207],[-348,-236],[-33,-89],[-321,-386],[-140,-80],[-114,-115],[-498,-294],[-143,-57],[-213,-129],[-748,-736],[-184,158],[-381,116],[-159,88],[-59,103],[-272,179],[-666,152],[-176,185],[-402,516],[-1574,905],[-579,-682],[-19,-48],[288,-516],[-560,-247],[-362,-22]],[[77452,31434],[-184,242],[-80,407],[-246,837],[-24,153],[-130,202],[-11,194],[83,257],[3,244],[-32,32],[-198,464],[-321,347]],[[666,48140],[696,738],[46,134],[195,75],[15,152],[77,23],[52,138],[97,43],[-26,83],[213,36],[320,226],[70,141]],[[2421,49929],[144,22],[115,-23],[104,-126],[98,-37],[353,-213],[18,-181],[-160,-47]],[[3093,49324],[-10,-97],[-138,-199],[-194,-193],[-182,-77],[-16,-243],[-85,-132],[-53,-187],[79,-94],[16,-268],[-17,-140],[-107,-100]],[[49797,39844],[26,-244],[111,-50],[-66,-182],[120,-70],[97,-171],[-49,-132]],[[50036,38995],[-150,-193],[-109,-54],[20,-128],[-118,-31],[-46,-149],[61,-87],[-329,-52],[-168,2]],[[49197,38303],[-167,-8],[-38,64],[-127,11],[-99,-97],[-63,125],[-112,-147],[-105,-58],[-202,16],[-185,-28],[-177,448],[-123,39],[-104,-55],[-212,-10],[-117,-79],[-211,-64],[8,-133],[-142,-279],[-147,-105],[-163,57],[-87,-32],[-135,56],[-8,-103],[-161,-51],[-137,-5],[-124,-51],[-95,-175],[-155,14],[-111,-37],[-79,56],[-108,-93],[-161,-41],[-65,-72],[40,-104],[-70,-71],[-146,-24],[-37,137],[-178,26],[-50,-29],[-149,50],[-168,130],[38,86],[-196,63],[-145,2],[-45,74],[-142,10],[-78,-41],[-189,78],[-255,33],[-334,103],[-279,22],[-151,-16],[-128,85],[-164,329],[-160,91],[-93,101],[-231,-39]],[[41975,38562],[-5,85],[118,227],[156,-7],[325,61],[49,-104],[116,-67]],[[42734,38757],[223,-63],[152,21],[12,80],[144,-20],[218,110],[231,50],[180,2],[290,166],[246,-26],[116,89],[242,-73],[-5,99],[-185,136],[34,138],[-63,91],[36,177],[-68,184],[71,85],[15,105],[95,71],[16,78],[-128,200]],[[44606,40457],[387,261],[148,-2],[254,113],[1,139],[83,36]],[[45479,41004],[196,-49],[58,-210],[-58,-112],[16,-93],[111,-91],[-146,-138],[85,-86],[165,73],[152,19],[202,-74],[370,-81],[207,-67],[248,-215],[247,-42],[64,-46],[147,43],[245,-77],[257,101],[130,105],[161,74],[160,10],[73,90],[86,-7],[199,-192],[187,-102],[263,24],[56,70],[246,-28],[191,-59]],[[77452,31434],[80,-317],[97,-214],[119,-132],[194,-147],[112,-158],[62,-172],[35,-191],[0,-268],[-24,-227],[41,-166],[105,-142],[12,-114],[-155,-313],[56,-372],[24,-265],[51,-83],[204,-207],[51,-139],[-21,-225]],[[78495,27582],[-1428,-36],[-115,484],[-222,463],[-120,93],[-1138,63],[-1127,12],[-1108,6],[-89,-105],[-725,11],[-1160,-17],[-2190,19],[-1222,16],[-93,-78],[-222,-261],[-406,-328],[-196,-87],[-185,-49],[6,-116],[-70,-116],[-871,-441],[-693,-365],[-203,68],[-246,117],[-274,93],[-156,131],[-168,101],[-257,106]],[[63817,27366],[-81,281],[-612,1806],[175,117],[157,23],[183,115],[-179,2385]],[[63460,32093],[-134,1766],[-140,1805]],[[63186,35664],[-18,247],[-107,184]],[[72595,14701],[549,-133],[-219,-445],[198,49],[144,0],[577,383],[119,-236],[-51,-25],[-70,-238],[-133,-252],[54,-90]],[[73763,13714],[14,-208],[-45,-162],[-78,-155],[130,-305],[-46,-1249],[-68,-260],[-83,-144],[-585,-381],[77,-111],[-1,-102],[135,1],[22,-148],[128,-457],[-40,-56]],[[73323,9977],[-127,-85],[-1071,19],[-120,-22]],[[72005,9889],[-295,-45],[-90,49],[-74,237],[-108,-51],[-20,182],[-124,-15],[-31,-94],[-310,-57],[-75,-64],[-116,60],[-54,78],[-182,-43],[42,111],[-134,42],[-150,90],[-52,-21],[-24,-422],[-228,-8],[-181,27],[-292,80],[-259,-9],[-107,-187],[-314,191],[-244,82],[-118,9],[-225,65],[-212,118]],[[68028,10294],[-86,26],[46,153],[-22,239],[-197,68],[-143,151],[5,90],[-208,-48],[-241,-5],[-1342,3],[-1103,-2]],[[64737,10969],[227,689],[23,98],[491,1468]],[[65478,13224],[3596,-76],[172,922],[729,-4],[2302,706],[318,-71]],[[78495,27582],[33,-371],[-35,-308],[111,-171],[4,-207],[105,-130],[97,-225]],[[78810,26170],[461,-2056],[16,-50],[0,-1418],[45,-67],[1158,-6],[107,-142],[200,-94],[132,5],[46,-52],[275,-29],[121,74],[115,12],[208,120],[12,99],[1666,-405],[1109,-262],[886,107]],[[85367,22006],[-471,-227],[-163,-95],[-235,-182],[-312,-294],[-420,-218],[-478,102],[-83,60],[-326,85],[-233,30],[-235,-4],[-369,-50],[-430,-102],[-628,-216],[-561,-237],[-571,-307],[-427,-286],[-273,-217],[-220,-206],[-301,-377],[-133,11],[-59,103]],[[78439,19379],[-1765,1985],[-1868,2096],[-1425,-1286],[-701,-635],[-1252,-1122],[-1688,-1513],[-956,-843],[-1641,-1453],[-639,-588],[-118,-93]],[[66386,15927],[-255,78],[-187,-20],[-99,63],[-75,-83],[-211,202],[-104,-36],[-119,67],[-54,209],[-218,-35],[-95,-109],[-202,-76],[-114,-71],[-61,92]],[[64592,16208],[-2825,3112],[-2829,3116],[110,-1],[138,-54],[310,9],[324,69],[110,90],[158,57],[221,167],[63,139],[89,-4],[309,119],[168,-20],[73,115],[89,25],[853,1313],[814,1255],[874,1346],[176,305]],[[36906,38220],[258,-35],[100,-134],[153,30],[122,-56],[74,-132],[123,-131],[29,-87],[149,-89],[135,-19],[147,-126],[205,-27],[123,-68],[79,-134],[194,-217],[273,-208],[345,173],[388,-204],[84,72]],[[39887,36828],[251,-175],[133,-209],[79,-45],[107,151],[148,-102],[273,-27],[73,-70],[122,-26],[151,44],[106,70],[150,20],[-195,189],[81,118],[142,-82],[146,10],[29,65],[132,-2],[81,66],[205,1],[177,43],[-65,132],[404,235]],[[42617,37234],[82,-146],[-136,-60],[28,-79],[140,-35],[89,-78],[102,-22],[141,141],[152,-165],[-264,-126],[-92,-84],[309,-27],[539,-239],[185,-213]],[[43892,36101],[-417,-238],[-312,-356]],[[43163,35507],[-176,29],[-122,127],[-170,13],[-131,137],[-160,74],[-208,139],[-258,249],[-239,-69],[-185,68],[-68,-81],[-135,-73],[-132,-15],[-156,-74],[-182,90],[-38,-106],[-240,-89],[-277,50],[-137,-33],[-60,95],[-124,63],[-223,14],[-263,88],[-203,-81],[-242,47],[-66,112],[-570,379]],[[38398,36660],[-222,66],[-113,166],[-144,90],[-373,187],[-65,126],[-191,37],[-89,152],[-325,122],[-131,10],[-280,123],[-31,51],[-240,84],[-435,238],[-250,-6],[-54,57]],[[35455,38163],[-55,87],[-249,121]],[[35151,38371],[51,254],[122,6],[-162,142],[-59,118],[-61,383],[-84,176]],[[34958,39450],[62,143],[90,-13],[144,-90],[-3,-92],[137,-120],[62,-259],[129,-130],[242,-189],[199,-73],[66,-96],[111,-59],[40,-94],[161,-80],[108,-2],[171,-96],[85,43],[144,-23]],[[38398,36660],[-76,-93],[76,-58],[-77,-101]],[[38321,36408],[-126,-147],[-97,59],[-118,-136]],[[37980,36184],[-139,164],[-138,108],[-96,15],[-105,201],[-120,45],[-143,-40],[-299,122],[32,67],[-162,54],[-125,2],[-91,104],[-97,37],[-187,143],[-118,-1],[-471,145],[-67,100],[-166,49],[-213,118],[-233,232],[-231,11],[-90,41],[-202,11],[-189,63]],[[34330,37975],[6,337],[97,34],[92,-63],[211,-67],[123,-10],[237,-73],[29,57],[330,-27]],[[37980,36184],[-109,-146],[154,3],[42,-43],[-103,-132],[-198,-6],[-66,-52],[-240,95],[-125,-65]],[[37335,35838],[-257,91],[-373,173],[-174,113],[-140,46],[-240,169],[-131,130],[-214,83]],[[35806,36643],[-54,59],[-174,46],[-105,69],[-169,55],[-6,75],[104,127],[-135,148],[77,53],[-252,213],[-292,116],[-133,126],[-134,-39],[-203,-3],[0,287]],[[5461,47724],[412,91],[83,53],[320,-170],[89,162],[47,-9]],[[7127,47846],[30,-107],[-149,-94],[-199,-7],[17,-69],[222,-51],[-17,-150],[166,14],[306,171],[164,32],[112,112],[137,22],[122,-110],[-94,-97],[133,-119],[-16,-145]],[[8103,46820],[-131,-126],[-15,-156],[-55,-90],[-127,-56],[101,-83],[-110,-105]],[[7766,46204],[-80,-51],[-243,-68],[-284,-50],[-285,-113],[-274,-152],[-106,-36],[-181,-148]],[[6313,45586],[-124,101],[-307,52]],[[44229,41005],[-197,12],[-240,-115],[-226,6],[-202,-55],[-421,-22],[-288,-94]],[[42655,40737],[28,141],[-124,106],[-35,123],[-75,80],[-28,189],[-151,129],[24,103],[-22,166],[-66,74],[31,126],[-154,171],[-28,109],[423,2608]],[[42478,44862],[924,-1696],[530,-987],[27,-109],[-44,-120],[67,-21],[-17,-252],[-35,-100],[74,-139],[-54,-75],[102,-167],[151,-99],[26,-92]],[[28885,43107],[52,-182],[82,35],[176,-32],[80,44],[133,-6],[160,-491],[214,189],[228,46]],[[30010,42710],[34,-170],[256,-29],[324,106],[90,-198],[132,-61],[20,-177],[81,-53],[38,-155],[-26,-171]],[[30959,41802],[103,-143],[35,-145],[-10,-122],[69,-42],[-27,-101],[60,-79],[-61,-111],[67,-159],[-33,-212],[47,-21],[454,48],[102,43],[60,-461],[147,-142],[272,21]],[[32244,40176],[-81,-124],[53,-69],[-118,-186],[-7,-207],[-348,-21],[-58,80],[-132,54],[2,201],[-61,114],[-118,34],[-21,-116],[-231,-142],[-194,-55],[-119,-133],[-99,-47],[61,-97],[-8,-102],[-77,-62],[-171,-21],[-3,-103],[-869,-8],[6,-60],[-106,-125],[-476,268],[-97,68],[34,280],[466,104],[164,67],[-130,69],[-90,-30],[-459,9],[-753,-4],[-529,10],[-308,-154]],[[27367,39668],[-29,325]],[[27338,39993],[-127,187],[-206,203],[-103,143],[-102,265],[229,60],[-75,233],[141,63],[-28,179],[12,159]],[[27079,41485],[67,-98],[180,34],[-15,90],[172,129],[85,16],[102,151],[3,95],[391,0],[-19,839],[-133,394],[172,41],[-10,88]],[[37335,35838],[-253,-273],[108,-42],[-118,-83],[-101,-118]],[[36971,35322],[-125,89],[-63,-110],[-248,98],[-99,-197],[-267,83]],[[36169,35285],[-645,101],[-217,7]],[[35307,35393],[-80,130],[-115,-5],[-122,126],[-144,-9],[-167,41],[-120,-13],[1,172]],[[34560,35835],[137,30],[143,124],[101,35],[185,-80],[119,44],[143,-45],[136,30],[186,90],[131,31],[179,-63],[164,-15],[49,94],[-71,122],[-171,60],[-87,129],[-151,122],[53,100]],[[10433,46134],[-81,-21],[-174,195]],[[10178,46308],[-150,153],[127,94],[48,116],[-20,141],[219,182],[63,13]],[[10465,47007],[195,43],[189,78],[311,63],[114,98],[69,257],[77,79],[34,130],[-30,156],[-101,16]],[[11323,47927],[-23,173],[-59,64]],[[11241,48164],[184,42],[102,-32],[220,10],[115,133],[131,-27],[47,50],[133,-30],[101,100],[136,-115],[176,44],[92,-10]],[[8180,39786],[-126,-23]],[[8054,39763],[-34,55],[-243,145],[36,-165],[-425,-7],[-106,-55],[-229,71],[-100,82],[-333,196],[-26,161],[-144,207],[-119,254],[-169,119]],[[6162,40826],[-3,73],[162,215],[356,276],[28,39],[-1134,1062]],[[5571,42491],[229,152]],[[5800,42643],[1332,-1032],[237,-135],[26,-150],[66,-63],[118,-218],[-17,-109],[55,-165],[117,-114],[109,-40],[80,-180],[-59,-114],[141,-57],[68,-126],[-28,-87],[41,-89],[107,-24],[-13,-154]],[[53343,49622],[240,-87],[-50,-860],[115,-82],[237,-95],[122,-6],[409,-243],[24,-83],[271,-147],[133,-93],[119,-304],[-20,-75],[69,-126],[94,-7],[106,-195]],[[55212,47219],[-142,161],[-104,-17],[-137,95],[-130,145],[-113,24],[-355,-26],[-184,-79],[-211,24],[-49,38],[-143,250],[-114,74],[-143,-10],[-138,61],[-262,50],[-116,49],[-112,-24],[-164,35],[-137,78],[-188,17],[-66,43],[-239,8],[-239,38],[-118,66],[-95,144],[-68,12],[-179,152],[-133,-18],[-224,-94],[-111,202],[-113,107],[8,61],[144,83],[25,208],[-258,-14],[-142,-66],[-21,-82],[-110,-94],[-192,-82],[-72,77],[-146,-4],[-123,-141]],[[49798,48770],[-157,82],[-162,-59],[-92,5],[-167,-68],[-174,400],[-45,271],[-308,147],[-420,435],[-196,262],[-110,176],[6,61],[-141,248],[-58,232],[59,178],[-56,250],[-49,49],[-18,140]],[[47710,51579],[289,86],[889,239]],[[48888,51904],[144,-603],[99,-376],[-133,-20],[-240,-102],[-152,-106],[-152,14],[-145,-27],[237,-114],[92,-82],[838,-552],[114,-86],[171,6],[253,-179],[132,-71],[199,-53],[50,-78],[126,-55],[54,122],[131,-85],[216,10],[215,-86],[179,114],[154,-60],[280,78],[1501,37],[92,72]],[[48888,51904],[75,21],[2956,1071]],[[51919,52996],[399,-1062],[853,-1929],[172,-383]],[[55212,47219],[-36,-89],[161,-88],[162,-126],[-67,-114],[173,-83],[-50,-68],[35,-104],[259,-159],[19,-64],[152,-57],[175,-212],[20,-138],[96,-88],[-2,-144],[76,-38]],[[56385,45647],[-197,-60],[-99,27],[-172,-135],[-430,236],[-101,13],[-161,-50],[-188,139],[-50,-14]],[[54987,45803],[-233,249],[-84,50],[-220,58],[-190,12],[-75,-30],[-159,100],[-36,130],[-74,75],[-193,72],[-192,-38],[-198,104],[-207,43],[-209,159],[-182,64],[-95,-21],[-81,62],[-111,-83],[-117,9],[-83,-57],[-61,-119],[-100,20],[-53,-66],[-165,-13],[-179,32],[-118,98],[-17,64],[-186,154],[-315,84],[-142,-11]],[[50912,47004],[-57,224],[-120,209],[-124,36],[-216,111],[-317,239],[-54,287],[52,129],[-143,85],[30,188],[77,145],[-242,113]],[[88578,38129],[1444,-1544],[1391,-1503],[4255,-4536],[35,-49],[-2,-578],[-660,-45]],[[95041,29874],[-2147,-151],[-2183,-146],[-1085,-75],[-738,-57],[-1565,-110],[-694,-272],[-1207,-463],[-63,-43]],[[85359,28557],[-267,-81],[-2414,-924],[-264,-104],[-718,-243],[-495,-159],[-1299,-476],[-1024,-386],[-68,-14]],[[9582,47638],[53,197],[-80,138],[-203,11],[-90,183],[-203,151]],[[9059,48318],[84,71],[-51,104],[-87,32],[-14,141],[83,68],[158,44],[80,-43],[216,74],[41,53],[298,96],[85,-38],[59,-141]],[[10011,48779],[65,-203],[-46,-62],[192,-54],[205,-164],[114,-19],[197,-162],[118,-18],[77,46],[308,21]],[[11323,47927],[-104,-56],[-66,87],[-234,-30],[-128,-102],[-56,36],[-97,-128],[-246,4],[-76,41],[-237,-11],[-164,-103],[-140,-1],[-78,-78],[-88,8]],[[43302,49032],[146,56],[27,104],[75,41],[14,174],[-40,179],[22,93],[-28,204],[-90,12],[-77,116],[18,104],[-113,42],[-8,126],[-92,132],[-104,28],[-26,222],[-38,76],[11,176],[101,77],[58,190],[-34,129],[117,110],[-1386,118],[-1052,99],[-2508,244],[-1322,122],[-23,218],[115,121],[121,74],[167,184],[134,23],[-3,134],[69,154],[99,-10],[55,129],[-5,472],[66,135],[-7,82]],[[37761,53722],[52,95]],[[37813,53817],[165,-95],[405,11],[264,53],[518,141],[179,73],[155,-49],[9,107],[245,44],[127,46],[184,-43],[114,-67],[37,-99],[109,-67],[180,13],[13,-67],[137,-29],[40,-74],[191,-5],[267,37],[212,-66],[196,113],[150,119],[131,6],[210,-185],[186,-79],[140,-159],[59,-156],[109,-180],[152,-194],[7,-79],[81,-90],[123,-40],[10,-70],[115,-153],[37,-233],[106,-13],[33,-119],[83,13],[211,-109],[319,33],[387,3],[191,56],[59,60],[113,-31],[176,6],[38,-122],[118,-23],[167,-83],[68,34],[176,-31],[146,102],[122,-66],[325,39],[-2,123],[259,33],[205,93],[211,-5],[47,222],[131,95],[208,25],[186,85],[51,149],[82,63],[219,34],[52,-68],[160,-56],[117,68],[107,124],[177,-23],[221,52],[199,-60],[128,44],[385,35],[140,112],[-6,151],[55,87],[310,136],[60,156],[169,-72],[29,-68],[193,-84],[40,-81],[206,86],[214,220],[113,9],[58,62],[147,30],[181,226],[106,14],[69,89],[111,52],[57,120],[224,-132],[174,-43],[107,-87],[336,45]],[[52144,54111],[0,-233],[54,-141],[-78,-193],[-111,-111],[-74,-285],[-16,-152]],[[47710,51579],[-1352,-362],[-391,-111],[-66,-206],[-5,-389],[48,-173],[174,-1],[76,-487],[-148,-132]],[[46046,49718],[-147,-116],[-106,0]],[[63527,66615],[-10,-155],[58,-229],[113,-34],[123,-117],[226,-148],[203,-286],[128,-67],[28,-138],[320,-216],[128,-36],[96,-87],[137,-44],[176,-137],[184,-211],[-19,-155],[123,-153],[115,-100],[140,-232],[76,-187],[-8,-62],[148,-182],[176,-280],[131,-75],[159,-22],[254,-76],[146,-96],[164,-2],[170,-134],[292,-145],[116,-31],[51,-89],[122,-16],[136,-75],[43,-118],[63,-23],[325,-379],[207,-130],[129,-154],[142,-1],[326,-220],[-81,-66],[-788,-202],[-1177,-349],[-3,-22],[961,-1968],[754,-1522],[250,-538],[119,-195]],[[69199,56711],[226,-498]],[[69425,56213],[-92,52],[-83,111],[-325,163],[-175,136],[-193,115],[-219,33],[-122,71],[-226,-2],[-185,155],[-132,29],[-258,119],[-297,10],[-171,77],[-220,-31],[-49,43],[-305,28],[-74,-52],[-214,18],[-230,192],[36,72],[-242,114],[-198,209],[-288,66],[-71,82],[-277,9],[-116,67],[-242,-5],[-349,166],[-211,-13],[-120,68],[-138,16],[-189,-29],[-90,42],[-135,-51],[-49,-73],[-265,-66],[-227,105],[-180,-125],[-279,65],[-285,1],[-82,-46],[-205,-30],[-146,-87],[-134,-28],[-152,-128],[-55,11],[-252,-122],[-90,-93],[-108,17],[-107,-42],[-127,-114],[-26,-193],[-208,-58],[-64,-259],[-326,-50],[-116,-131],[-225,-87],[-119,-92],[5,-125],[-268,-71],[-90,-59],[-199,-8],[-90,67],[-194,19],[-75,38],[-132,-38],[-121,-177],[0,-101],[-71,-116],[24,-305],[-59,-137],[-157,-190],[-172,-38],[-108,-165],[4,-91],[-120,-83],[-25,-152],[-364,105],[-120,-64],[-5,-62],[-242,52],[-40,-48],[-174,32],[-272,-33],[-101,28],[-161,-103],[-70,-100],[-100,-12],[-134,86],[-102,-225],[-66,-21],[-190,115],[-89,-51],[-147,59],[-57,-75],[-145,-77],[-248,-36],[-112,58],[-149,16],[-82,-63],[-99,10],[-79,75],[-159,-44],[-155,7],[-104,44],[-188,-84],[-171,33],[-178,-4],[-119,-38],[-90,-130],[-118,-21],[-123,79],[-166,23],[-169,-55],[-136,-104],[-109,-5],[-73,-192]],[[52144,54111],[-421,217],[-127,1840],[0,106],[-51,827],[-404,437],[-336,321],[-304,320],[-36,686]],[[50465,58865],[763,476],[1696,1083],[1231,785],[1250,773],[535,1818],[1676,773],[1388,632]],[[59004,65205],[2104,960],[479,257],[723,329],[855,399]],[[69425,56213],[-56,-52],[-773,-219],[-505,-174],[-243,-134],[-279,-125],[-218,-193],[-394,-321],[-189,-132],[-164,-163],[-91,-173],[-168,-199],[-235,-214],[-205,-320],[-84,-317],[-335,-144],[-61,-139],[-126,-29],[-225,30],[-146,-19],[-65,-91],[-313,-16],[-233,74],[-181,-116],[-51,-72],[-103,-21],[-58,-98],[-17,-134],[-75,0],[-58,-162],[-303,10],[-85,-36],[-190,14],[-156,43],[-170,-8],[-157,-205],[-306,-96],[-325,-16],[-48,55],[-182,-23],[-221,-115],[-184,-66],[-98,-85],[-111,-168],[-115,-113],[-90,-30],[-91,-131],[-248,-143],[-134,106],[-135,7],[-94,-41],[-148,58],[-29,-134],[-156,17],[-92,-62],[-118,37],[-169,-20],[-207,10],[55,-90],[138,-66],[19,-141],[144,-323],[258,-810]],[[70773,6787],[71,73],[-77,91],[175,52],[6,43],[202,157],[110,-78]],[[71260,7125],[-20,-18]],[[71240,7107],[20,-187],[97,-100],[240,-83],[54,-234],[122,-103]],[[38321,36408],[140,-64],[86,-145],[185,-70],[254,-131],[224,-27],[88,-122],[302,-145],[92,-7],[230,-246],[-110,-203],[379,-118],[296,-5],[335,144]],[[40822,35269],[142,-190],[-77,-189],[8,-96],[-90,-59],[-105,-151],[-120,-103]],[[40580,34481],[-285,-52],[-131,81],[-57,-22],[-99,127],[-127,6],[-201,151],[-365,-13],[-396,-61],[-196,38],[-173,85],[-30,74],[-150,68],[-227,50],[96,75],[-110,62],[-75,-104],[48,-119],[-17,-106],[-188,-105]],[[37897,34716],[-272,130],[-281,20]],[[37344,34866],[-175,75],[126,161],[-14,175],[-310,45]],[[35024,34605],[304,-237],[238,-100]],[[35566,34268],[-108,-160],[-225,23],[-40,-115]],[[35193,34016],[-134,-36],[-145,49],[-116,-4],[-77,56],[-254,-94],[-12,266],[-104,178],[-102,-43],[1,316]],[[34250,34704],[126,-125],[97,53],[263,37],[58,-93],[149,-25],[81,54]],[[13740,42486],[89,-64],[27,-138]],[[13856,42284],[-281,-184],[-380,-122],[-334,-222],[-114,-56]],[[12747,41700],[-319,-115],[-307,-55],[-277,-165]],[[11844,41365],[-84,-64],[-435,-88],[-326,-101]],[[10999,41112],[-112,68],[11,129],[154,222],[-13,99],[-87,103],[-19,152],[-123,80],[-156,183],[-210,72]],[[10444,42220],[30,143],[193,23],[209,92],[185,25],[57,69],[225,150]],[[11343,42722],[83,-207],[169,-44],[232,6],[256,-53],[207,37],[260,77],[-18,-171],[151,11],[54,-98],[360,-39],[197,58],[80,-43],[269,91],[97,139]],[[9144,54244],[110,-53],[47,-93],[-12,-195],[99,-169],[-55,-171]],[[9333,53563],[-156,93],[-162,-211],[-62,-119],[197,-187],[45,-108],[100,18],[153,-83],[72,-114],[18,-137]],[[9538,52715],[-136,-82],[-179,-66],[-51,-120],[-81,-73],[-380,-111],[-109,79],[-99,7],[-261,-163],[-138,162],[-151,117],[-75,109],[-55,157],[-90,144],[125,86],[124,16],[116,142],[-136,67],[-54,129]],[[7908,53315],[126,164],[-8,142],[230,363],[64,68]],[[8320,54052],[34,70],[288,124],[416,58],[86,-60]],[[17433,69805],[19,-403],[57,-461],[38,-136],[355,-981],[631,-2008],[-30,-99],[-155,-65],[-119,-179]],[[18229,65473],[-181,-28],[-92,-78],[-90,3],[-78,-78],[-57,-168],[-238,-136],[-62,-108],[-25,-158],[49,-22],[-44,-242],[-56,-36],[-266,42],[-166,81],[-93,137],[-136,-1],[-165,-88],[-15,-56],[-133,-46],[-109,-137],[-58,-129],[-412,-54],[-220,-84],[-161,-389],[-98,-134],[-17,-138],[-232,-90],[34,-126],[-5,-181],[122,-183],[-13,-103],[49,-76],[-10,-210],[-77,-69],[-130,-43],[-87,-97],[-109,-199],[-157,-95],[3,-177],[-97,-178],[-136,-79],[-4,-106],[-78,-157],[-273,-189],[-306,-63],[-143,33],[-92,-31],[-179,28],[-140,-150],[-179,-10],[-92,-294],[-232,-119],[-81,-112],[-99,-13],[-70,-310],[-189,-113],[-135,-152],[-150,-104],[22,-78],[-164,-87],[71,-76],[-183,-100],[-290,-25]],[[11475,59292],[-9,37],[-245,247],[-207,247],[-93,83],[-116,193],[34,102],[320,271],[192,80],[101,123],[112,54],[148,16],[52,72],[44,169],[-22,184],[113,324],[324,269],[198,-24],[213,96],[262,150],[211,278],[383,598],[103,815],[19,898],[341,825],[-436,435],[-114,146],[-39,711],[-414,1463],[-346,1662],[-78,335],[33,217],[186,70],[93,170],[85,62]],[[12923,70670],[85,4],[228,-107],[692,-116],[-79,259],[5,291],[-50,96],[50,112],[238,246],[190,258],[56,137],[-23,134],[37,194],[90,147],[117,45],[43,72],[209,119],[206,71],[239,-74],[322,-166],[262,-301],[106,-263],[325,-287],[32,-459],[63,-174],[36,-194],[75,-97],[204,-39],[60,-55],[272,-24],[244,-88],[73,-78],[70,-214],[33,-314]],[[45931,28736],[-71,84],[-99,-79],[-86,64],[-133,-98],[-283,-108],[-6,-65],[-218,-75],[-317,-250],[-54,-94],[-151,-98],[-40,-198],[-81,-140]],[[44392,27679],[-427,-49],[-200,34],[-124,176],[-190,46],[-63,181],[23,130],[-227,121],[-100,133],[-209,138],[-119,111],[-177,28],[-148,178],[-207,415],[7,62]],[[42231,29383],[313,105],[387,0],[165,-58],[239,25],[458,159]],[[43793,29614],[194,-167],[138,-213],[239,-98],[402,36],[20,71],[205,36],[614,69],[89,-87],[30,180],[45,71],[147,-19],[173,-99],[214,-71],[174,18],[2,-163],[-359,-55],[-144,-45],[49,-132],[-91,-98],[-3,-112]],[[36463,28778],[14,-195],[159,-216],[331,-105],[256,-39],[197,26],[100,-37],[3,-102],[96,-28],[50,-96],[111,7],[157,-72],[227,38],[148,-52],[89,-150],[188,-50],[183,-83],[64,-65],[193,-48],[-18,-491],[221,-151],[-68,-146],[109,-164],[137,9],[96,-191],[-14,-65],[155,-158],[351,-113],[51,-176],[-134,-112],[-5,-79],[132,-66],[35,-102],[122,-66],[41,-170],[148,-109],[59,-172],[54,-56],[10,-171],[169,-87],[286,11]],[[40966,24686],[-397,-111],[-237,-147],[-239,-91],[-207,-176],[-85,-184],[-87,-111],[-218,-515],[-198,-825],[-63,-298],[-53,-472],[4,-256],[-49,-130],[-267,191],[-267,289],[-165,-25],[-157,-130],[-152,-254],[-293,-329],[-281,-152],[-159,-487]],[[37396,20473],[-1892,846],[-603,239],[-1313,589],[-1922,867]],[[31666,23014],[620,477],[-570,564],[-118,139],[144,161],[265,213],[236,276],[134,95],[192,218],[1510,727],[566,375],[206,85],[27,57],[440,230],[-68,183],[81,88],[85,232],[-144,205],[-224,53],[-649,550],[-59,309],[218,841],[396,-161],[653,-97],[665,-33],[191,-23]],[[36463,28778],[144,307],[-57,145],[-362,1327],[-118,199],[36,100],[-171,267],[-290,319],[-138,174],[-302,429],[-110,127]],[[35095,32172],[79,74],[264,30],[430,155],[133,22],[177,122],[170,4],[27,79]],[[36375,32658],[100,-43],[162,7],[108,-94],[275,-110],[127,15],[102,-85]],[[37249,32348],[-144,-627],[132,-81],[144,113],[232,106],[311,89],[45,-65],[378,-155],[-84,-141],[44,-77],[-146,-138],[4,-149],[-74,-164],[90,-98],[176,-18],[219,-267],[-64,-39],[120,-123],[76,46],[282,-299]],[[38990,30261],[1024,-1084],[166,-86],[101,-15],[111,67],[99,-61],[-24,-88],[38,-97],[104,-33],[-17,-126]],[[40592,28738],[36,-38],[-110,-148],[8,-65],[-131,-96],[46,-55],[-20,-176],[156,-103],[84,-125],[-63,-379],[158,-162],[161,-103],[118,-115],[99,26],[288,-2],[146,-27],[161,-151],[142,-84],[65,11],[146,-189],[43,-161],[236,-103],[118,13],[87,-53],[538,-40],[84,-107],[219,-6],[871,-497],[80,-31]],[[44358,25772],[55,-93],[167,-55],[34,68],[688,-217],[211,-211],[179,2],[107,-108],[211,-134],[391,-96],[530,56],[252,-65]],[[47183,24919],[189,-24],[114,-176],[190,-58],[-216,-65],[-251,-266],[-139,-66],[43,-251],[-83,-243],[-92,-120],[-75,31],[-151,-87],[-313,-84],[-68,71],[-244,-146],[634,-579]],[[46721,22856],[-354,9],[-209,-46],[-311,-96],[-149,-8],[-218,58],[-143,-23],[-133,-180],[-84,-34],[-127,37],[-723,36],[-203,133],[-358,307],[-170,95],[-189,57],[-183,422],[-38,166],[-120,156],[-134,221],[-681,232],[-133,82],[-124,12],[-242,-32],[-79,64],[-332,-43],[-162,78],[-156,127]],[[35095,32172],[-103,-1],[-71,-67],[-143,-29],[-94,50],[22,356],[-421,4],[-213,-71],[21,162],[-86,100],[-28,115],[229,29],[57,159],[-153,151],[107,134],[9,213]],[[34228,33477],[142,-22],[79,-115]],[[34449,33340],[-32,-51],[193,-86],[131,-209],[161,-24],[323,-225],[260,-99],[424,-45],[123,37],[163,-38],[180,58]],[[46721,22856],[1098,-994],[767,-711]],[[48586,21151],[671,-612],[134,-183],[107,-204],[124,-178],[175,-146],[102,-257],[249,-28],[113,-168],[-47,-275],[45,-137],[94,-78]],[[50353,18885],[-244,-968],[-294,-171],[-138,-915],[-162,-998],[-149,-3],[-54,-44],[-7,-852]],[[49305,14934],[-57,-138],[-198,-34],[-217,160],[-143,31],[-159,-36],[-518,-24],[-728,-15]],[[47285,14878],[-24,35],[-229,1118],[-1152,618],[-707,362],[-242,115],[-1249,548],[-1532,678],[-997,450],[-788,347],[-1644,738],[-129,52],[-1196,534]],[[31666,23014],[-282,123],[-2488,1113],[-1131,502],[-1646,735]],[[26119,25487],[0,225],[332,-2],[-3,396],[-68,66],[52,116],[138,193],[-11,130],[73,329],[-29,77],[43,145],[-71,63],[-42,271],[-93,126],[152,-4],[-5,128],[97,-10],[76,83],[-20,266],[-95,90],[-40,118],[-106,-44],[-18,147],[-164,92],[125,76],[49,156],[-109,24],[124,103],[61,256],[160,107],[-72,201],[260,142],[-75,72],[6,174],[-99,167],[112,324],[187,302],[150,159],[-13,124],[-135,196],[-196,446],[-119,61],[227,194]],[[26960,31772],[2253,1875],[1255,1077],[-152,1257],[-52,84]],[[30264,36065],[55,-63],[236,-101],[1005,-373],[210,-71],[517,-203],[545,-332]],[[32832,34922],[-24,-89],[-278,-773]],[[32530,34060],[-273,-282],[1971,-301]],[[72005,9889],[-53,-297],[-81,-72],[14,-262],[44,-154],[-164,-54],[55,-126]],[[71820,8924],[-184,-48],[-11,-113],[54,-132],[-145,-127],[-27,-191],[-170,-53],[-241,56],[-245,-27],[2,-126],[-332,-200],[60,-141],[-50,-85],[-247,-88],[-122,-126]],[[70162,7523],[-268,156],[-25,142],[-148,62],[-217,206],[-208,64],[-223,214],[-151,62],[-39,57],[-261,-46],[-181,155],[-61,178],[137,81],[-1,76],[72,218],[-90,163],[-153,-35],[-166,69],[-49,121],[-142,195],[68,99],[51,375],[-79,159]],[[36932,33651],[-161,-68],[-143,-19]],[[36628,33564],[69,117],[-33,126]],[[36664,33807],[192,18],[132,42],[116,-9]],[[36906,38220],[-91,132],[189,-4],[0,82],[360,3],[300,-75],[34,-126],[73,-55],[333,-384],[275,166],[149,-42],[144,163],[130,-83],[207,-52],[161,-108],[179,13],[137,-57],[183,-132],[251,-8],[198,-78],[79,-1]],[[40197,37574],[216,56],[-43,-106],[-255,-83],[90,-177],[-73,-256],[-156,-85],[-89,-95]],[[7388,53126],[65,1],[199,130],[256,58]],[[9538,52715],[55,-67],[14,-235],[45,-220],[-37,-24],[-13,-32],[-14,-53],[70,-271],[-23,-157],[-56,-43],[22,-162],[-79,-31],[-84,-152],[-311,-283],[-127,-67]],[[9000,50918],[-167,-33],[-69,-138],[-97,77],[-122,-68],[-73,-237]],[[8472,50519],[-107,117],[3,199],[-52,46],[-168,11],[-160,121]],[[40104,39358],[-218,-33],[-87,28],[-333,-6],[-183,20],[-125,58],[-188,-53],[-314,62],[-430,25],[-103,-19],[-36,-138],[67,-13],[37,-174],[279,32],[202,-75],[-57,-110],[-274,65],[-117,-36],[-41,-78],[-3,-172]],[[38180,38741],[-179,37],[-92,58],[-142,28],[-199,-10],[-200,38],[-188,64],[-146,129],[-351,73],[-177,106],[-204,27],[-105,-219],[-362,171],[-69,104],[-185,80],[-102,112],[-234,15],[-253,216]],[[34992,39770],[-46,205],[24,173]],[[34970,40148],[13,21]],[[34983,40169],[168,7],[136,40],[74,81],[371,28],[174,-61],[250,9],[112,-52],[40,-95],[124,-27],[-24,-98],[78,-53],[113,34],[291,-9],[58,61],[206,44],[339,-116],[466,-51],[46,-118],[159,-59],[261,17],[183,89],[71,-10],[139,-131],[126,-32],[215,32],[119,-55],[279,-20],[111,-59],[271,-84],[165,-123]],[[43299,33799],[148,-42],[170,-169],[260,-349],[52,-236],[-171,-85],[-69,-328],[21,-128],[-160,18],[-121,-26],[-286,-127],[-42,-128]],[[43101,32199],[-191,88],[-2,99],[-114,57],[-10,108],[-210,123],[-127,186],[-404,299]],[[42043,33159],[150,46],[132,144],[97,48],[166,-3],[120,133],[-17,108],[161,110],[69,-19],[153,151],[114,-4],[111,-74]],[[14883,58098],[-175,-24],[-43,-145],[-179,112],[-108,15],[-319,230],[94,113],[-227,176],[-160,215],[-233,33],[-304,-106],[-384,51],[-424,-12]],[[11356,58853],[129,73],[-26,268],[16,98]],[[18229,65473],[27,-28]],[[18256,65445],[41,-104],[-49,-95],[2,-149],[-148,-141],[-189,-327],[-92,-200],[50,-90],[-26,-135],[53,-156],[-43,-52],[79,-210],[96,-50],[171,-326],[-164,-558],[-7,-149],[220,-113],[-6,-167],[147,-261],[91,-244],[114,-78],[43,-107],[103,-34],[24,-181],[-181,80],[-70,-10]],[[18515,61588],[-185,69],[-186,21],[-24,89],[-158,-61],[-206,-27],[-53,-59],[-176,5],[-64,-48],[-164,45],[-454,-84],[-195,2],[-145,102],[-104,-21],[-35,-120],[-113,-27],[-205,-113],[-27,-83],[109,-71],[-421,-129],[-151,34],[-238,-109],[-79,-87],[-100,-287],[55,-218],[207,-82],[66,-179],[-17,-112],[-71,-96],[-139,-18],[6,-96],[108,-129],[-105,-128],[40,-155],[189,-139],[134,-136],[-64,-42],[-82,-168],[129,-89],[166,-64],[100,58],[197,-16],[271,32],[16,-91],[-136,-186],[-247,-129],[-459,-204]],[[17171,51389],[-65,-130],[-123,-13],[-205,-323],[136,18],[150,-33],[211,-159],[65,109],[237,-79],[-87,-149],[113,-163],[97,-2],[-78,-232],[92,-26],[56,-90],[172,-79],[-70,-237],[-191,-73],[-136,140],[-181,-413],[-125,0],[-145,-106],[21,-144],[-140,10],[-112,-122]],[[15872,50397],[-52,118],[-76,47],[-251,303],[-109,170],[145,162],[84,192],[75,375]],[[15688,51764],[121,18],[103,93],[155,61],[117,9],[223,-250],[124,-32],[119,-143],[237,-70],[173,-2]],[[17060,51448],[74,-39]],[[10444,42220],[-292,24],[-329,52],[-91,43],[-87,-167],[-98,-90],[-245,-380],[-69,-78],[-170,-90]],[[9063,41534],[-205,86],[-150,1],[-294,149],[-145,20],[-73,-42],[-220,-25],[-193,102],[-328,-71],[-317,18],[-1202,961]],[[5936,42733],[440,293],[766,358]],[[7142,43384],[591,278]],[[7733,43662],[2185,137]],[[9918,43799],[614,-317],[80,-228],[104,15],[237,-139],[-61,-80],[97,-135],[96,-60],[120,-4],[138,-129]],[[37517,34102],[-69,41],[-151,-42],[-306,-6]],[[36991,34095],[334,239],[207,68]],[[37532,34402],[38,-50],[196,-98],[81,8],[243,-78],[155,4],[186,56],[243,-128],[330,153],[159,106],[249,50],[219,-319],[99,37],[84,-111],[-108,-39],[194,-127]],[[39900,33866],[4,-94]],[[39904,33772],[-195,-66],[-129,-83],[-47,-135],[-87,-16],[-494,93],[-301,-88],[-89,191],[-57,-17]],[[9347,40383],[-169,173],[59,98],[-192,215],[28,158],[-104,195],[75,113],[19,199]],[[10999,41112],[-133,-51],[-147,9],[-125,-167],[-100,-72]],[[10494,40831],[-478,-8],[-43,-106],[-91,-62],[-60,-128],[-92,-92]],[[43101,32199],[83,-78],[47,-179],[-34,-298],[73,-157],[84,-48],[108,-155]],[[43462,31284],[-91,5],[-102,-95],[-135,-49],[-127,-145]],[[43007,31000],[-7,85],[75,178],[-136,-22],[-86,-78],[-92,49],[25,125],[-231,162],[-118,-66],[-153,102],[-25,245],[-180,329],[-9,135],[-210,171],[-67,215],[-181,-55],[-88,-116],[-140,-1],[-15,416]],[[41369,32874],[1,123]],[[41370,32997],[-14,465],[133,69],[221,-13],[101,-56],[54,-119],[177,-126],[1,-58]],[[21260,52177],[-499,-148],[-238,-87],[-201,32],[-162,-64],[-207,-259],[-13,-94],[-228,-26],[-195,193]],[[19517,51724],[110,472],[-253,334],[-339,384],[-260,345],[56,68],[282,4],[812,-13],[-142,245],[92,321],[81,67],[-71,92],[-32,428],[-208,49],[97,213]],[[19742,54733],[283,120],[190,39],[180,72],[399,-76],[352,-90],[269,86]],[[19404,51370],[113,354]],[[22645,48474],[-174,-100],[-191,-160],[26,-92]],[[20150,46501],[-112,-69],[-192,14],[-64,49],[-162,7],[-120,44],[-59,74],[-390,-6]],[[19051,46614],[-388,17],[-173,77],[-265,64]],[[18225,46772],[-246,163],[186,142],[110,10],[174,395],[-172,55],[-44,77],[-109,15],[-317,141],[3,156],[80,119],[-17,229],[263,-34],[52,86],[-115,153],[-187,-84],[-136,156],[-114,62],[-127,-96],[-277,138]],[[8723,48210],[102,-49],[85,36],[-6,108],[155,13]],[[36169,35285],[-74,-162],[-96,-115],[77,-80],[16,-211],[85,-105],[-68,-90]],[[36109,34522],[-98,38],[-84,-128],[69,-44],[-142,-178],[-288,58]],[[35024,34605],[194,143],[34,156],[181,112],[-168,104],[66,98],[-74,45],[50,130]],[[37344,34866],[-118,-130],[130,-189],[-322,-33],[-118,57],[-47,-125],[-105,1],[-23,-107],[-126,42],[-64,-54]],[[36551,34328],[-442,194]],[[35629,33499],[400,-10],[342,65]],[[36371,33554],[45,-65]],[[36416,33489],[-278,-150],[-83,45],[-155,-70],[-118,9],[-75,60],[-139,-14],[-101,81]],[[48586,21151],[1143,435],[331,166],[293,412],[227,270],[-43,38],[-228,19],[-255,147],[261,112],[110,86],[158,40],[208,-198],[202,4],[-180,-185],[-66,-111],[40,-74],[-90,-50],[41,-93],[194,-185],[139,-214],[198,-157],[63,-119],[171,-134],[85,20],[401,186],[381,193],[-106,82],[-115,-42],[-112,11],[-391,183],[20,47],[-169,212],[26,185],[190,61],[46,133],[238,171],[155,-52],[406,253],[131,23],[15,257],[131,62]],[[52835,23345],[138,-2],[71,-68],[276,-105],[192,-29],[93,-112],[172,-26],[144,-436],[90,-15],[80,-86],[197,-108],[282,-43],[99,-263],[74,-312],[89,-35],[85,-119],[134,-56],[51,-117],[76,-325],[180,-61],[-66,-101],[83,-201],[101,-33],[28,-104],[234,-433],[-7,-77],[189,-136],[128,-350],[208,-346],[44,-130],[81,-99],[153,-283],[-80,-78],[-83,-190],[103,-63],[68,-354],[172,-154],[-35,-74],[149,-58],[-54,-91],[132,-35],[163,-292],[40,-108],[127,4],[65,-121],[150,-167],[59,8],[126,-98]],[[57636,16863],[-63,-80],[-287,0],[-31,50],[-154,-77],[-254,-34],[-88,151],[-219,160],[-278,293],[-146,10],[-159,64],[-299,228],[-276,307],[-230,301],[-265,230],[-273,316],[-348,306],[-827,472],[-270,96],[-115,-50],[-303,0],[-146,-84],[-12,-50],[-918,-384],[-858,-368],[-464,165]],[[47183,24919],[245,40],[-40,188],[90,224],[124,126],[459,244],[193,-33],[234,-77],[70,-95],[-13,-70],[290,-91],[68,-78],[157,106],[277,-6],[206,-152],[98,55],[151,10],[78,-115],[476,16],[126,-83],[208,-34]],[[50680,25094],[14,-201],[78,-19],[215,85],[393,110],[102,-150],[261,-66],[-3,-116],[74,-55],[79,-213],[110,-56],[-3,-120],[78,-343],[104,-21],[75,-113],[91,4],[60,-89],[96,-30],[1,-157],[82,-35],[14,-95],[119,-78],[115,9]],[[42478,44862],[-522,-529],[-808,-807],[-207,-74],[-201,-157],[-268,-31],[-199,0],[-69,-72],[-245,-48],[-125,-85],[-149,-20],[-113,-180],[-232,-156],[-63,-86],[-120,33],[-180,-116],[59,-42],[-49,-110]],[[38987,42382],[-143,4],[-153,132],[-3,133],[-191,232],[-306,-178],[-421,98],[-11,-126],[-150,-12],[-359,-82],[-39,-176]],[[37211,42407],[-240,39],[-154,106],[-248,-12],[-107,-29],[-193,40],[-129,-72],[-839,-255],[88,-342],[-8,-48],[-271,0],[-106,143],[-232,184],[-9,143],[-119,59],[-207,-20],[-184,-107],[-167,148],[-173,5]],[[33913,42389],[103,105],[-25,48],[-295,103],[-19,73],[156,122],[-71,102],[-24,120],[146,336]],[[33884,43398],[792,1137],[-21,100],[98,6],[-383,218]],[[34370,44859],[647,167],[68,65],[442,83],[165,112],[38,-50],[290,66],[493,35],[7,-304],[211,-26],[154,-59],[-21,-103],[157,-226],[-72,-103],[-326,-122],[17,-147],[193,-406],[186,75],[111,-113],[972,-234],[368,-130],[136,239],[-122,145],[117,35],[192,217],[-63,92],[139,456],[-138,254],[-167,60],[-116,92],[-46,400],[-50,235],[245,61],[347,154],[21,40],[428,441],[204,-7],[439,-360],[100,169]],[[34958,39450],[34,320]],[[38180,38741],[249,-41],[250,-17],[52,28],[143,-67]],[[38874,38644],[-129,-69],[75,-99],[-9,-74],[251,-64],[201,-107],[147,-8],[328,-89],[182,12],[107,68],[310,-46],[51,-278],[-2,-193],[-189,-123]],[[40104,39358],[42,66],[-165,167],[56,96],[-29,111],[218,167]],[[40226,39965],[140,67],[182,-22],[195,41]],[[40743,40051],[-2,-125],[94,-48],[50,-118],[254,17],[42,-126],[136,-112],[134,148],[133,57],[96,-400],[72,-66],[18,-105],[171,-168],[-15,-119],[-103,-32],[80,-115],[42,-167]],[[41945,38572],[-23,-18],[-346,93],[-92,8],[-130,111],[-129,-30],[-154,43],[-20,101],[-70,57],[-421,20],[-130,-154],[-147,-50],[-142,3],[-122,-41],[-232,49],[-16,-106],[-78,-66],[-280,41],[-111,-24],[-137,90],[-291,-55]],[[34603,33481],[-154,-141]],[[32530,34060],[688,132],[379,23],[185,35],[39,121],[-86,69],[45,112],[-68,93],[26,80],[186,172],[175,-43],[209,6],[-58,-156]],[[35193,34016],[-87,-167]],[[8874,36578],[249,188]],[[9123,36766],[94,31],[180,-71],[193,-5],[450,103]],[[12572,37319],[144,20],[768,152]],[[16718,36108],[-117,-96],[-122,-191],[-124,-22],[-107,-241],[-108,-75],[-327,187],[-68,-117],[76,-124],[-150,-60],[-140,-188],[-154,-127],[-138,44],[-188,-42],[-351,-165],[-97,-78],[-105,-157],[-174,-73],[-70,-128],[-199,-249],[44,-148],[-93,-108],[92,-105],[26,-98],[-82,-175],[53,-75],[-102,-118],[-27,-97],[-229,2],[-96,-43],[-136,-211],[15,-148],[165,-202],[183,-25],[20,-86],[151,-48],[110,-93],[141,-170],[-4,-84],[100,-27],[-89,-180],[-122,4],[-51,-149],[-79,-42],[-77,-295],[-121,-185],[49,-101],[-70,-221]],[[13826,30978],[-1074,476],[-2510,1126],[-5,21]],[[10237,32601],[-246,797],[-114,345],[-43,77],[-141,523],[-169,13],[-33,123],[-215,115],[3,90],[-209,148],[-154,69]],[[8916,34901],[95,170],[-22,126],[-89,91],[-51,206],[-54,47],[33,146],[-202,160],[-63,96]],[[8563,35943],[-47,76],[-36,254]],[[73763,13714],[1364,-670],[1,1085],[763,38],[98,326],[278,-60],[63,-132],[-20,-99],[338,-104],[0,-145],[186,-3],[5,-117],[847,5]],[[77686,13838],[-26,-69],[-172,-128],[-246,-123],[-165,-49],[-263,-174],[-156,-52],[-73,-65],[-195,-99],[-61,8],[-485,-306],[-58,116],[137,84],[133,-19],[60,43],[-97,91],[40,48],[-117,168],[51,94],[-179,43],[-275,-96],[50,-110],[-94,-78],[-132,-10],[6,-116],[72,-155],[108,-83],[175,-51],[32,-120],[-144,-263],[-190,-291],[-123,-241],[-73,-85],[-62,-224],[-180,-399],[-304,-543],[-152,-233],[-59,-36],[-251,31],[-50,65],[-148,53],[-81,115],[-88,40],[-208,11],[103,-215],[-176,-16],[50,-130],[178,-59],[129,46],[183,111],[312,-90],[74,-138],[-21,-212],[52,-213],[-155,-275],[-37,-140],[-134,-251],[-18,-89]],[[74183,8959],[-189,38],[-103,-148],[-145,25],[114,175],[-245,67],[97,124],[17,134],[117,193],[-117,53],[-239,-75],[-72,1],[-80,199],[40,85],[-55,147]],[[74183,8959],[-77,-219],[-80,-135],[-12,-131],[-245,-430],[-295,-436],[-133,-297],[-119,-116],[-170,-54],[-217,82],[-49,-38],[-159,12],[-122,77],[7,75],[-101,126],[-130,-13]],[[72281,7462],[-226,31]],[[72055,7493],[340,288],[-76,243],[50,174],[-134,235],[-137,35],[-79,72],[-12,147],[-127,-10],[-60,247]],[[35292,33729],[65,-26],[231,44],[130,127],[143,20],[248,-28],[164,-129]],[[36273,33737],[98,-183]],[[44392,27679],[46,-122],[-238,-158],[-99,-135],[-90,-180],[-100,-30],[-209,-259],[-27,-152],[-115,-115],[22,-93],[299,-52],[92,-136],[190,-20],[94,-74],[145,2],[102,-73],[-146,-310]],[[40592,28738],[107,155],[135,73],[220,321],[33,12],[-58,666],[-212,355],[676,247],[35,30],[245,-29],[14,-421],[244,-334],[-89,-121],[174,-71],[130,-108],[-15,-130]],[[9144,54244],[-15,127],[52,111],[163,-102],[35,52],[151,-44],[30,-83],[338,100],[213,165],[109,47],[145,-12],[154,87],[196,42],[95,83],[214,-45],[36,67]],[[11060,54839],[62,-88]],[[11122,54751],[130,-259],[-32,-146]],[[11220,54346],[-95,-104],[41,-207],[182,-142]],[[11348,53893],[-169,-28],[-42,62],[-226,-74],[-197,-105],[-201,-200]],[[10513,53548],[-127,-87],[-135,8],[-136,78],[-91,94],[-185,76],[-144,-60],[-46,-84],[-152,-84],[-164,74]],[[15030,55212],[1,-118]],[[15031,55094],[-147,-75],[-197,68],[-103,162],[-114,-11],[-218,59],[-277,-79],[-131,-77]],[[13844,55141],[-335,-47],[-52,34],[-277,-65],[12,-49],[-312,-41],[-103,-158],[-58,14],[-730,-296],[-769,-187]],[[11122,54751],[429,175],[-106,150],[280,151],[-10,58],[383,74],[-108,66],[163,213],[401,192],[452,170],[132,-5],[257,61],[60,40],[293,-135],[51,84],[108,62],[-206,66],[-39,54],[48,151],[-71,89]],[[13639,56467],[197,24],[220,205],[214,167]],[[70704,6577],[2,-93],[159,-75],[24,-128],[-5,-363]],[[70884,5918],[-125,-29],[-177,59],[-489,24],[-108,-54],[171,-123],[-141,-125],[-129,22],[-30,-94],[-201,-53],[-91,-58],[-72,96],[-171,-55],[-127,-157],[-77,-8],[-316,-222],[-152,-22],[-275,46],[-71,76],[-109,-107],[-77,54],[-102,-11],[-207,60],[-156,-38],[-229,16],[-106,-195],[21,-170],[-212,-298],[-430,-99],[-78,80],[-98,-53],[-57,-144],[-179,-199],[-189,-113],[-134,-147],[-210,-125],[37,-124],[-47,-128],[-97,-31]],[[65644,3469],[-44,78],[-213,13],[-70,55],[-76,144],[34,125],[-17,279],[-434,267],[-174,49],[-1,98],[72,92],[-21,106],[-155,-2],[-118,-156],[-64,20],[-79,156],[-125,-54],[0,-93],[-90,-53],[-110,-128],[-169,22],[-158,121],[-62,-2],[79,-390],[-2243,0],[-2665,1]],[[58741,4217],[-2028,1119]],[[56713,5336],[2806,790],[1857,528],[279,86]],[[61655,6740],[1316,364],[471,838],[643,1156],[-782,375],[-526,245],[475,618],[1095,-506],[189,527],[201,612]],[[70162,7523],[16,-115],[102,-57],[-36,-99],[53,-76],[165,-45],[40,-102],[-30,-240],[125,73],[176,-75]],[[35151,38371],[-193,230],[-68,18],[-180,174],[-188,53],[-150,-141],[175,-55],[-649,-489],[4,-35],[-419,33],[33,-209],[121,-149],[-145,-243],[-297,-142],[74,-72],[-216,-103]],[[33053,37241],[-127,125],[128,351],[-24,178],[112,126],[-73,159],[-191,602],[-116,333],[-127,217],[290,128],[-287,433],[62,37],[-21,111],[-99,56],[-56,212]],[[32524,40309],[174,288],[-255,27],[-159,94],[91,43],[211,1],[191,196],[111,-20],[13,-86],[389,-448],[181,28],[143,102],[401,138],[39,60],[227,-109],[187,-25],[119,-124],[102,-52]],[[34689,40422],[194,-217],[87,-57]],[[30959,41802],[110,58],[175,247],[160,157],[65,26],[0,138],[-95,200],[-45,447],[-57,246],[43,65],[-8,161],[-59,100],[92,93],[219,-12],[78,73],[-27,110]],[[31610,43911],[202,53],[284,47],[300,133],[317,-13],[95,-245],[130,-119],[351,-88],[244,-126],[131,-12],[72,-103],[148,-40]],[[33913,42389],[137,-109],[210,-237],[10,-234],[153,-56],[44,-137],[-87,-160],[-31,-155]],[[34349,41301],[79,-170],[-8,-56],[81,-169],[2,-221],[129,-57],[-5,-108],[62,-98]],[[32524,40309],[-75,-118],[-205,-15]],[[17673,43861],[-1,64],[228,84]],[[17900,44009],[71,16],[187,-85],[320,159],[161,-71],[97,78],[152,41],[145,100],[206,11],[96,50],[56,-80],[154,46],[1,105],[132,80],[286,64],[115,67],[5,151],[-40,165],[177,34],[17,63],[-91,112],[-137,6],[-23,213],[-214,278],[-90,-51],[-143,-186],[-214,118],[-21,90],[-392,8]],[[18913,45591],[-245,543],[114,262],[307,146],[-38,72]],[[21610,45756],[-196,-187],[-107,-37],[-16,-76],[112,-115],[-132,-78],[-17,-81],[-154,-32],[-16,-82],[96,-235],[434,40],[86,-10],[109,-132],[186,-8],[-106,-398],[-64,-5],[-18,-156],[28,-128],[-93,-314],[-62,-54],[-172,-49],[-4,-114],[-143,-63],[-225,99],[-121,-7],[-89,-71],[-49,-163],[-147,48],[37,209],[-169,93],[-371,133],[-59,-101],[-235,10],[-437,-86],[-248,-110],[-462,-134],[377,-492]],[[17900,44009],[-84,289],[-66,159],[-5,156],[-433,6],[-210,286],[-110,-48],[-211,314],[-235,4],[-105,141]],[[16441,45316],[612,65],[404,135],[385,-245],[179,17],[239,-7],[224,119],[140,102],[289,89]],[[42655,40737],[-552,-223],[-183,-154]],[[41920,40360],[-68,148],[-121,95],[-37,222],[64,145],[-191,213],[8,68],[-199,324],[-34,346],[-39,104],[27,162],[1148,2675]],[[71260,7125],[125,-2],[112,-60],[153,58],[103,-15]],[[71753,7106],[77,-5],[20,-147],[70,-114],[-166,-1],[-13,82],[-100,28],[-140,-69],[-157,80],[-15,99],[-89,48]],[[72281,7462],[87,-15],[-11,-112],[149,-155],[234,-22],[99,44],[204,-76],[31,-93],[-211,-212],[-128,-179]],[[72735,6642],[-230,60],[-125,2],[-229,-361],[17,-85]],[[72168,6258],[-64,156],[-187,99],[119,167],[-52,222],[-98,76],[40,64],[-197,151]],[[71729,7193],[76,46],[-30,104],[-96,96],[376,54]],[[9450,44467],[883,1006],[-208,36],[18,105],[348,-70],[-9,219],[196,128]],[[10678,45891],[220,-158],[-32,-72],[58,-211],[-319,-236],[87,-99],[-24,-151],[-1218,-497]],[[11228,46301],[-77,-94],[65,-170],[59,-53],[-18,-234],[-32,-76],[1115,-15],[-100,-76],[-368,-47],[-41,-253],[111,-99],[85,0]],[[12027,45184],[-101,-79],[-159,-21],[-245,-150],[-107,-26],[-96,39],[-273,-69],[87,-129],[-106,-67],[-148,-214],[-1429,-1]],[[10678,45891],[-48,78],[-137,60]],[[9450,44467],[-1080,-7],[-97,471],[108,321],[79,57],[151,266],[-50,162],[-140,179],[-29,118]],[[8392,46034],[87,243],[-13,92],[156,102],[147,-107],[153,24]],[[8922,46388],[150,-26],[425,-151],[214,44],[49,-75],[216,-21],[75,109],[127,40]],[[51652,32057],[-52,-99],[4,-129],[-87,-336],[-588,156],[-150,-97],[-93,-166],[20,-175],[82,-61],[-20,-138],[-132,-119],[-44,-102],[-122,-67],[25,-236],[38,-110],[-102,-119],[-721,55],[-63,244],[40,57],[-47,235],[77,364],[165,62],[-26,133],[-141,54],[9,73],[-73,186],[-23,134],[29,132],[-9,225],[-64,406],[-102,242]],[[49482,32861],[56,84],[348,2],[379,109],[228,-36],[120,75],[77,-29],[246,117],[43,55],[210,28],[110,68],[77,100],[28,117],[202,72],[-78,99],[-57,168],[11,200],[80,174],[-43,177],[340,16],[154,-46],[24,169],[-46,184]],[[51991,34764],[-7,93],[1105,80]],[[53089,34937],[-57,-577],[11,-222],[73,-236],[91,-410],[96,-172],[10,-142],[96,-275],[-109,18],[-71,77],[-141,-29],[-336,25],[-90,86],[-61,-128],[-23,-188],[-116,-104],[-136,12],[-228,-41],[-80,40],[-214,-21],[-75,65],[-188,11],[-104,54],[-202,-57],[-215,-210],[68,-55],[169,111],[76,-118],[300,-118],[19,-276]],[[63460,32093],[-3864,-3],[-160,-159],[-103,-59],[-1931,-1959],[-153,-103],[-209,93],[-61,-148],[-91,-117],[-135,-56],[-96,-175],[-85,31],[-186,-96],[-77,67],[-231,-29],[-103,-211],[-112,-66],[-260,-50],[-180,47],[-1267,39],[-386,483],[-75,114],[-305,293],[-278,289],[-58,125]],[[53054,30443],[18,171],[-85,182],[-246,79],[-88,201],[-135,168],[-288,196],[-281,337],[-210,149],[-87,131]],[[53089,34937],[787,-154],[130,-111],[68,-189],[68,-61],[421,130],[203,47],[228,24],[130,-45],[48,169],[676,33],[260,28],[266,97],[155,-8],[74,-111],[125,29],[184,-109],[138,11],[37,86],[140,45],[-3,69],[194,-48],[184,-17],[62,65],[261,507],[830,-25],[122,102],[161,79],[173,33],[244,9],[184,-97],[240,-18],[341,123],[153,-80],[119,-1],[248,76],[189,-61],[66,47],[337,16],[153,-121],[462,-25],[325,55],[116,91],[255,43],[150,-41],[116,56],[277,-21]],[[53054,30443],[-760,-36],[-128,-47],[-259,-27],[-114,58],[-188,-42],[-483,-63],[-246,-145],[-255,-274],[-92,-195],[91,-24],[215,-213],[-5,-108],[135,-23],[-41,-114],[301,19],[42,-108],[-34,-89],[-109,-59],[83,-123],[-55,-38],[77,-178],[139,-219],[50,-225],[79,-2],[134,-83],[93,-151],[389,-246],[-64,-45],[-274,-15],[-79,-67],[-158,50],[-332,8],[-110,-59],[-200,2],[-201,47],[-110,117],[8,66],[-222,-10],[-205,-47],[-252,-2]],[[49914,27733],[-33,167],[-155,31],[-29,81],[96,113],[-131,58],[-183,167],[-251,192],[-105,178]],[[49123,28720],[26,114],[115,-24],[71,152],[-67,235],[-70,69],[8,98],[-127,35],[23,201],[-221,122],[35,62],[-265,232],[-4,127],[-300,383],[-9,50],[-203,150],[-77,95]],[[48058,30821],[-45,119],[-81,7],[-165,145],[-209,288],[-168,28],[-67,95]],[[47323,31503],[79,65],[142,24],[73,-42],[244,-24],[290,70],[157,18],[80,142],[220,164],[155,80],[85,2],[-152,440],[-192,256],[-95,47],[-79,121],[-125,51],[-217,-26],[-198,215],[-81,123],[-108,236],[-102,101],[-36,102],[-96,82],[-115,290],[-139,82],[-356,357],[-186,347],[-178,176],[-184,21],[-105,115],[-25,435]],[[46079,35573],[1725,67],[752,-447]],[[48556,35193],[-217,-257],[-35,-317],[28,-42],[0,-635],[71,-245],[154,-113],[329,-312],[112,-269],[0,-65],[390,9],[94,-86]],[[64592,16208],[-139,-4],[-356,162],[-132,43],[-87,-38],[-365,-27],[-153,-119],[-334,11],[-177,35],[-67,-57],[-344,-20],[-164,32],[-348,-181],[-176,-35],[-67,72],[-223,-76],[-73,-59],[-217,-6],[64,154],[-217,44],[-139,1],[-146,42],[-101,-29],[-316,41],[-337,107],[-152,-40],[-390,-14],[-50,96],[-218,148],[-175,7],[-245,51],[6,91],[-190,-16],[-116,111],[-321,19],[-240,114],[-251,-5]],[[50680,25094],[-115,98],[5,120],[62,214],[-5,362],[-111,277],[-142,38],[61,94],[-82,211],[-103,51],[-163,385],[8,92],[-85,136],[6,130],[102,137],[-143,132],[-61,162]],[[48556,35193],[186,40],[623,10],[107,-78],[141,42],[132,-63],[161,0],[263,-41],[331,-27],[74,22],[306,-136],[139,16],[107,-69],[161,-23],[45,-50],[243,-53],[106,30],[310,-49]],[[11844,41365],[136,-27],[13,-287],[95,-218],[-70,-165],[212,-350]],[[12230,40318],[-38,-38],[-151,58],[-91,-6],[-165,95],[-148,11],[-133,-162],[-163,-143]],[[11341,40133],[-221,114],[-103,116],[-133,23],[-64,76],[-110,22],[-141,-41],[-136,60],[2,183],[59,145]],[[11341,40133],[-101,-160],[-15,-174],[-224,-48],[-33,-68],[-129,-19]],[[10839,39664],[-70,104],[-80,22],[-145,-138]],[[12989,38588],[-89,113],[-115,65],[-220,55]],[[12565,38821],[-124,9],[-100,113],[-370,136],[-361,199],[-66,66],[-151,53],[-44,95],[-136,56],[-165,-19],[-80,118],[-129,17]],[[12230,40318],[158,-141],[-13,-109],[78,-97],[291,-179],[146,-54],[312,-51],[104,-36],[197,22],[257,-32],[67,15]],[[19520,42385],[424,-529]],[[19944,41856],[505,-649],[506,-683]],[[20955,40524],[-1116,-259]],[[19839,40265],[-1262,-306]],[[16893,39648],[-35,195],[-157,70],[-12,70],[-263,53],[188,68],[-24,109],[-125,53]],[[22665,44331],[-171,-11],[-105,-44],[-130,-148],[130,-190],[89,31],[117,-38],[85,46],[81,-148],[-210,-81],[-4,-58],[-313,-217],[-77,-218],[19,-141],[150,-112],[377,-501]],[[22703,42501],[-246,-136],[-100,-90],[-96,-13],[-113,55],[-312,-61],[-148,-94],[-89,-16],[-74,131],[-225,97],[-244,7],[-178,-64],[-126,24],[-38,164],[-122,-53],[-303,-278],[56,-59],[-76,-71],[-133,-39],[-192,-149]],[[22703,42501],[99,-98],[-20,-73],[77,-167],[-68,-71],[-133,-22],[22,-182],[-49,-215],[352,-126],[-54,-176],[12,-149],[-47,-90],[-103,-56],[-125,-138],[-157,-57],[-4,-58]],[[22505,40823],[42,-144],[-64,-142],[-197,-162],[-98,-219],[8,-156],[-101,-184],[-145,-90],[-31,-127],[-126,-48],[-39,-102],[-111,-53],[-162,163],[-234,123],[-143,165],[-149,677]],[[10237,32601],[-1624,726],[-227,116]],[[8386,33443],[106,105],[76,277],[67,27],[10,126],[105,60],[-37,117],[252,254],[52,89],[-10,126],[38,124],[-31,75],[-171,68],[-273,57],[-191,-56],[-68,-71],[-64,-155],[-156,-130],[-23,202],[-68,219],[80,78],[-164,144],[-128,201]],[[7788,35380],[170,68],[199,39],[207,-59],[280,8],[36,-379],[23,-64],[213,-92]],[[8386,33443],[-353,142],[-489,241],[-594,245],[-1157,522]],[[5793,34593],[51,56],[158,385],[232,130],[163,24],[233,-9],[254,43],[222,-34],[342,164],[-23,39]],[[7425,35391],[113,26],[250,-37]],[[13639,56467],[-23,90],[-222,115],[-189,-19],[-383,105]],[[94717,79791],[-175,-214],[-651,-740],[-1040,-1168],[-94,-95],[-569,-435],[-435,-349],[-800,-611]],[[90953,76179],[-2473,752],[-282,54],[-150,57],[-161,207]],[[87887,77249],[-119,137],[-88,244],[6,144],[185,152],[22,77],[142,108],[202,84],[159,26],[122,131],[-20,144],[-252,212],[-161,104],[-21,130],[-152,158],[45,104],[-15,138],[-149,23],[-293,6],[-183,-30],[221,448],[52,172],[149,102],[126,39],[382,246],[-13,108],[-105,107],[-29,233],[263,505],[114,70],[69,218],[68,78],[-5,160],[-72,106],[77,126],[155,108],[249,213],[218,146],[205,67],[127,69],[239,254],[50,98],[105,84],[217,79],[53,79],[245,192],[48,110],[164,96],[289,216],[231,329],[54,116],[202,196],[119,240],[159,33],[53,201],[-51,85],[-2,138],[69,95],[209,44],[159,197]],[[92180,85544],[22,-65],[265,7],[179,-16],[96,-51],[327,80],[109,48]],[[93178,85547],[-12,-90],[160,-152],[-10,-144],[-115,-80],[55,-120],[-40,-61],[-202,-142],[16,-109],[-86,-198],[8,-183],[157,-308],[-150,-194],[-354,-690],[-736,-943],[-43,-137],[186,-315],[174,-127],[36,-171],[143,-60],[131,14],[109,-163],[374,9],[141,-107],[21,-74],[137,-27],[150,-77],[164,29],[1125,-1136]],[[69425,56213],[79,-90],[112,-42],[164,-164],[52,-105],[70,-273],[249,-406],[165,-331],[192,-488],[72,-226],[83,-111],[38,-143],[124,-124],[169,-233],[104,-63],[48,-92],[178,-196],[400,-272],[107,-254],[120,-160],[131,-120],[188,-240],[425,-352],[103,-165],[179,-85],[200,-60],[161,-161],[321,-111],[248,-9],[390,-59],[52,-60],[192,-108],[223,32],[193,-7],[122,-73]],[[29595,52617],[139,136],[730,151],[719,567]],[[31183,53471],[653,-277],[495,-161],[474,-134],[674,-264],[-190,-620],[-125,-239],[74,-143],[227,-529],[120,-424],[-77,-158],[527,-657],[160,76],[183,316],[28,110],[124,148],[150,66],[248,-1],[52,98],[260,24],[145,-8],[23,184],[108,14],[17,139],[279,78],[71,-37],[437,2],[74,111],[183,-412],[-163,-239],[94,-142],[214,-198],[-216,-18],[-32,-276],[-614,36],[18,170],[-561,-122],[498,-471],[-76,-124],[171,-284],[-269,-143],[388,-339],[-109,-126],[-168,-67],[-135,-123],[-153,-7],[-127,-157],[-103,-79],[-109,-296]],[[35125,47768],[-137,-205],[-252,-135],[-121,-136],[-72,-253],[-102,-68],[-72,-134],[-105,-94],[-166,-4],[-73,-110],[63,-117]],[[34088,46512],[-358,-110],[-65,-4],[-122,202],[-29,191],[-176,250],[-672,-197],[-150,383],[-220,179],[-359,328],[-241,-447],[-286,-98],[-271,-272],[312,-112],[-94,-52],[-150,5],[-215,-120]],[[30992,46638],[-461,-113],[-66,154],[-245,-67],[14,-51],[-307,-38],[-45,-126],[-94,84],[-246,-109],[-80,-207],[-130,-14]],[[29332,46151],[105,403],[-109,371],[52,56],[119,237],[234,250],[-42,149],[-95,195],[-222,289],[-78,66]],[[39989,46725],[-5,289],[-705,-36],[42,93],[-181,203],[-879,-273],[161,-392],[208,-52],[-252,-348],[-301,22],[-81,56],[-226,70],[-150,-4],[-117,111],[56,167],[-155,114],[-24,173],[44,90],[-6,164],[-50,203],[-52,56],[-1090,67],[-21,164],[-1080,106]],[[31183,53471],[801,1023],[83,164],[176,88]],[[32243,54746],[-73,-232],[13,-95],[218,4],[2158,-3],[176,74],[167,8],[136,-33],[314,112],[234,291],[307,88],[146,19],[326,-152],[1,-131],[172,-273],[17,-122],[105,-55],[1,-89],[69,-91],[219,-400],[262,-27],[115,47],[152,-34],[87,-82],[65,101],[131,51]],[[34370,44859],[-42,-9],[-266,461],[-534,43],[-248,-14],[-134,147],[-16,125],[-116,67],[55,144],[126,129],[143,101],[64,101],[99,15],[754,39],[-167,304]],[[50465,58865],[67,1228],[-1228,712],[-87,-162],[8,-70],[-79,-105],[-167,-44],[-123,20],[-88,-49],[-192,-32],[-160,42],[-42,-66],[-113,19],[-279,-11],[-187,-65],[-242,12],[-362,-86],[-96,43],[-185,-53],[-181,4],[-308,-206],[-207,-10],[-118,75],[-179,-137],[-152,179],[-76,14],[-172,200],[-637,898],[-328,511],[-307,362],[-502,611]],[[43743,62699],[-614,771],[-236,97],[-446,135],[-392,1173],[-499,21],[-182,192],[-542,301],[-139,154],[-49,270],[-327,9],[-525,92],[-222,77],[-801,19],[-176,152],[-260,88],[-347,177],[-141,-12],[-119,-59],[-146,-2],[68,407],[-36,408],[-88,34],[25,214],[-153,306],[-84,351],[-33,29],[-346,583],[-247,210],[-929,2050],[-142,320],[-244,-7],[-303,-58],[-187,40],[38,-333],[-91,-244],[-135,37],[-152,-111],[-194,-263],[-72,-14],[-103,-129],[-110,-13],[-45,75],[-105,27],[-47,-157],[-133,-31],[-79,91]],[[33653,70176],[-135,82],[-83,-62],[-215,-27],[-89,-74],[-271,109],[-87,244],[-94,138],[17,179],[42,70],[-24,138],[41,128],[-7,244],[-75,111],[-112,261],[-251,141],[-265,284],[-28,69],[-204,14],[-216,227],[-42,171],[17,198],[-25,83],[162,262],[-187,84],[-137,236],[-30,245],[-234,290],[-161,290],[-15,77]],[[30945,74388],[-73,102],[-231,206],[-189,25],[-318,119],[-266,129],[-204,34],[-181,191],[-79,196],[-53,245],[-147,-50],[-124,65],[-445,59],[-110,61],[-680,10],[-180,118],[57,227],[92,78],[16,168],[50,75],[17,179],[-27,144],[103,50],[57,146],[-39,44],[31,201],[-35,199],[-135,213],[149,345],[18,203],[-73,119],[-89,-147],[-243,53],[-88,61],[-150,5],[-402,74],[-210,108],[-4,1032]],[[26760,79475],[2584,17],[4399,-1590],[3035,-1097],[1527,-552],[4110,-1486],[2098,-758],[4085,-1479]],[[48598,72530],[-67,-729],[-190,-1959],[-242,-2420],[1677,-165],[1673,-62],[150,-10],[1852,565],[-96,293],[-422,1136]],[[52933,69179],[166,-54],[257,40],[244,81],[193,-95],[217,-69],[176,-124],[246,-98],[158,-129],[386,-62],[349,-214],[56,-133],[93,-73],[32,-210],[333,-57],[72,-97],[139,-80],[96,6],[139,-54],[93,-211],[140,-62],[-35,-244],[59,-172],[81,-97],[68,-280],[201,-148],[268,-106],[496,-127],[342,-141],[396,-257],[242,-212],[99,-128],[191,-192],[78,-175]],[[95041,29874],[271,6],[-53,-73],[-438,-317],[-238,-267],[-92,-132],[-178,-116],[-473,-441],[-200,-144],[12,-78],[-74,-81],[-258,-187],[-111,-184],[4,-68],[-123,-61],[-253,-203],[-85,-132],[-95,-10],[-238,-267],[-7,-67],[-116,-80],[-170,-48],[-52,-95],[-203,-121],[-37,411],[-161,51],[-159,-136],[-121,-9],[-20,91],[86,25],[112,114],[-17,108],[-163,-26],[-28,157],[-97,-11],[-126,88],[-182,-60],[-60,-95],[-423,-217],[-5,-92],[-423,-237],[-157,25],[-123,-47],[-173,-17],[-247,-128],[-30,-44],[32,-192],[-132,-179],[-180,-185],[-86,45],[-104,-98],[-96,54],[6,112],[-186,-43],[-45,115],[-72,51],[74,85],[-180,97],[-39,68],[74,110],[26,229],[-100,118],[327,305],[38,84],[155,49],[248,133],[57,90],[-63,116],[-320,-241],[-170,-1],[-85,-128],[-162,-92],[-6,-124],[-180,-49],[-87,-101],[22,-144],[93,-41],[-77,-93],[49,-130],[-155,-143],[-130,-22],[-182,-94],[-201,170],[-190,39],[-265,3],[-47,111],[-216,82],[-72,215],[-65,-106],[-280,21],[-151,33],[-107,79],[-323,40],[-87,-7]],[[85677,27100],[-218,198],[-8,115],[161,168],[-86,172],[53,87],[12,127],[-40,282],[-102,122],[-90,186]],[[89960,26002],[73,-65],[127,6],[225,-151],[58,56],[220,-57],[42,-57],[-72,-124],[-80,-49],[-138,12],[-57,116],[-288,39],[-223,-192],[168,-136],[-27,-107],[92,-87],[-110,-67],[-137,-5],[-126,109],[18,96],[-108,46],[-15,-147],[-230,-68],[-58,23],[3,225],[-258,-18],[-60,-64],[-250,-91],[20,-117],[-157,13],[-133,60],[-23,132],[-167,40],[22,78],[233,72],[60,-92],[112,-49],[3,145],[183,-14],[332,154],[201,-53],[22,73],[172,67],[61,95],[7,133],[181,-16],[82,36]],[[90320,25581],[48,-91],[122,4],[78,-106],[-188,3],[-143,96],[83,94]],[[85677,27100],[217,-63],[133,-114],[277,-95],[153,-108],[153,9],[343,-199],[-53,-115],[240,-73],[245,76],[65,-61],[-47,-298],[-168,108],[-65,-201],[102,-160],[136,-11],[152,-175],[-12,-326],[92,-360],[-29,-163],[57,-362],[35,-90],[-270,118],[10,73],[-138,22],[-35,110],[-205,-99],[78,-40],[-3,-182],[-142,-57],[-100,-91],[-373,89],[-153,-21],[-107,-55],[-188,1],[82,-103],[-167,-120],[-73,60],[-197,45],[-33,-76],[-198,101],[-270,110],[20,-175],[-115,-73],[138,-76],[32,-104],[-172,-5],[-188,-55],[-90,-96],[130,-27],[23,-142],[217,-21],[48,58],[393,-125],[7,-111],[152,-284],[84,-72],[-131,-59],[28,-81],[117,-34],[106,123],[39,103],[-27,137],[97,11],[116,-93],[135,-22],[95,-140],[-5,-169],[-488,-308],[-176,-176],[-49,-139],[-211,13],[-179,-56]],[[87266,24083],[159,-165],[180,-297],[-65,-50],[-302,28],[-370,-99],[-218,-122],[-178,-136],[-120,-16],[15,202],[-20,194],[155,160],[205,165],[178,2],[253,35],[128,99]],[[88473,24015],[38,-55],[-220,-226],[-10,-71],[-110,-92],[-25,-73],[-210,-117],[-208,-26],[-123,46],[-14,106],[255,137],[272,-44],[-42,87],[-100,54],[-205,1],[-235,260],[-90,215],[4,99],[158,-29],[238,-170],[90,-38],[67,141],[108,-8],[107,-87],[-119,-93],[90,-69],[132,87],[-42,94],[85,54],[109,-183]],[[36416,33489],[104,-161],[109,-51]],[[37545,32759],[109,-204],[244,-95],[118,-344],[-107,51],[-141,1],[-519,180]],[[34560,35835],[-128,25],[-64,-134],[-170,13],[-31,56],[-187,45],[-227,-9],[-12,-126],[-214,16],[-14,99]],[[33513,35820],[-34,254],[122,452],[-142,165],[12,110],[-105,173],[-129,22],[-93,66],[66,105],[-159,18],[2,56]],[[71686,5192],[-209,109],[50,49],[28,197],[-44,67],[-246,218],[-134,-129],[-31,-127],[-136,-42],[-46,54]],[[70918,5588],[137,68],[-91,152],[17,143],[105,86],[319,95],[114,-36],[120,62],[29,-103],[90,-80],[145,-55],[159,-17],[18,-103],[-226,-324],[-78,-168],[-90,-116]],[[15031,55094],[30,-304],[114,-248],[77,43],[167,-31],[-4,-867],[137,5],[-10,-756]],[[15542,52936],[-166,-32],[-93,-57],[-203,-59],[-21,-77],[-153,52],[-220,-172],[-246,31],[-159,-5],[-158,74]],[[14123,52691],[29,75],[-49,97],[-7,312],[178,186],[9,204],[58,109],[-52,86],[102,146]],[[14391,53906],[48,51],[-32,285],[-159,64],[-123,175],[-108,7],[-101,106],[38,93],[-27,99],[-146,92],[63,263]],[[32832,34922],[99,275],[279,259],[37,-18],[266,382]],[[12923,70670],[99,42],[7,143],[-73,-2],[-128,240],[-67,174],[-243,2],[-105,319],[-75,353],[-62,79],[-171,-37],[-14,-163],[-135,-19],[-190,126],[-186,204],[-100,171],[-390,337],[-115,283],[-181,143],[113,509],[-32,186],[-88,306],[-100,226],[-80,63],[-130,-30],[-157,284],[-313,105],[-123,123],[-125,-151],[-283,14],[-200,34],[-167,396],[-511,181],[-132,554],[0,213],[-118,146]],[[8348,76224],[231,198],[327,-1],[117,77],[63,120],[175,119],[127,41],[44,70],[161,6],[78,88],[-60,295],[21,143],[-26,278],[-45,183],[163,127],[30,131],[110,133],[-3,208],[85,153],[186,55],[126,148],[207,52],[42,195],[-48,67],[80,175],[138,49],[-28,61],[138,80],[-18,226],[83,87],[50,204],[108,210],[213,177],[-38,166],[115,93],[5,106],[93,197],[152,129],[851,-37],[878,-30],[70,-20]],[[13349,80983],[28,-45],[33,-361],[-59,-397],[-80,-335],[13,-34],[303,-81],[170,-23],[156,-71],[89,5],[864,-220],[211,25],[266,160],[243,31],[131,78],[-179,63],[-135,81],[-160,185],[-38,129],[-81,101],[-36,208],[-18,620],[103,280],[25,191],[113,292],[158,194],[207,185],[115,198],[101,93],[369,-71],[82,-33],[395,-39],[356,-153],[533,-34],[51,-165],[135,-234],[32,-188],[45,-88],[262,-280],[320,58],[133,-44],[111,8],[244,-42],[113,35]],[[19073,81265],[165,-76],[23,-115],[288,-91],[27,-242],[-50,-250],[35,-301],[55,-87],[108,-56],[310,-283],[148,-87],[160,-150],[63,-104],[92,-43],[83,-135],[-16,-333],[61,-189],[475,-224],[58,-93],[-20,-107],[-125,-174],[172,-50],[-95,-201],[-175,11],[-73,-63],[-52,-137],[-293,-196],[-17,-73],[245,-320],[278,-273],[287,-147],[70,-101],[13,-154],[90,-134],[297,-228]],[[21760,76059],[-140,-284],[-207,-138],[-51,-132],[-84,-76],[-213,-87],[-128,-151],[-22,-172],[-223,-214],[-130,-283],[-115,-113],[-80,-187],[-10,-105],[-90,-20],[-385,163],[-258,65],[-163,16],[-85,-321],[-30,-198],[23,-321],[80,-407],[65,-180],[90,-154],[8,-254],[-121,-236],[13,-71],[-60,-171],[27,-139],[-50,-43],[-270,-117],[-203,212],[-130,8],[-252,103],[-181,-18],[-80,-135],[88,-174],[63,-58],[14,-142],[-78,-225],[99,-39],[-66,-95],[76,-113],[110,-87],[-88,-38],[10,-136],[-97,-96],[94,-198],[-262,-99],[-210,-138],[-86,-113],[-94,-8],[-445,-335]],[[9515,47154],[-3,-148],[-85,-19],[-93,-243],[-173,-221],[-167,-67],[-72,-68]],[[8392,46034],[-222,-85],[-18,134],[-111,90],[-91,-46],[-184,77]],[[14123,52691],[-174,-258],[-331,239],[-62,-60],[-179,-40],[-134,-133],[-99,-48],[-243,-14],[-288,-159],[-311,104]],[[12302,52322],[-102,16],[-176,-83],[3,-45],[-307,-117],[-190,6],[-182,-48],[-156,-102],[-11,-185],[-138,-116],[-39,-107],[-145,44],[-183,-73],[-148,-128],[-88,-259],[-85,-22]],[[10355,51103],[-118,-1],[-265,72],[-222,-45],[-40,37]],[[9710,51166],[95,168],[309,52],[170,117],[93,171],[101,26]],[[10478,51700],[243,247],[172,122],[343,123],[-137,99],[185,160],[217,97],[52,111],[-33,102],[64,36],[62,161]],[[11646,52958],[185,76],[74,104],[198,-18],[164,78],[87,-49],[128,4],[117,125],[102,42],[21,83],[-90,146],[97,152],[55,-22],[196,134],[343,36],[144,-32],[147,-95],[148,99],[103,-99],[337,183],[189,1]],[[65644,3469],[-39,-95],[124,-128],[95,27],[-2,-223],[96,-56],[14,-95],[254,-14],[167,77],[265,-56],[74,-132],[89,75],[87,-26],[178,57],[250,-66],[66,-84],[107,-33],[191,-6]],[[67660,2691],[35,-95],[195,-19],[7,-113],[98,-53],[-11,-126],[171,-14],[106,-43],[-7,-81],[177,-273],[70,-58],[127,88],[82,-37],[138,67],[117,-137],[145,1],[236,179],[199,-210]],[[69545,1767],[-108,-317],[-65,99],[-193,85],[-230,-32],[58,-93],[-21,-121],[-114,49],[-61,-133],[-262,-64],[-143,104],[-70,-121],[120,-45],[52,-122],[198,-210],[-155,-58],[78,-261],[104,-175],[-64,-35],[-203,-21],[-323,86],[-157,20],[-190,-37],[-238,57],[-55,95],[50,82],[125,67],[-52,62],[-41,213],[73,134],[-308,5],[-208,-153],[-137,48],[-88,-26],[-228,147],[-22,-93],[130,-106],[75,-118],[-130,-9],[-278,-124],[-22,-140],[-95,-88],[-63,-270],[113,-148],[-176,5],[-57,98],[-420,245],[-573,303],[-1517,845],[-2444,1354],[-2469,1367]],[[69339,1175],[-18,-152],[-52,-87],[-162,-55],[-51,241],[33,78],[125,-28],[23,154],[80,109],[107,-44],[-13,-152],[-72,-64]],[[68131,219],[370,-48],[148,28],[29,-138],[-200,35],[-219,-26],[-206,21],[78,128]],[[67445,873],[-95,90],[151,97],[52,-85],[-108,-102]],[[67177,93],[-142,39],[52,86],[153,-83],[-63,-42]],[[8748,49102],[168,23],[49,110]],[[8965,49235],[42,41],[248,78],[121,12],[138,-63],[383,77],[148,231],[95,107],[146,-23],[124,20],[183,118],[124,33],[64,71]],[[10781,49937],[190,-153],[84,-110]],[[11055,49674],[-128,-102],[114,-157],[-39,-169],[-116,-115],[-73,9],[-43,-239],[-139,-60],[-99,65],[-89,-23],[-158,30],[-201,-78],[-73,-56]],[[48570,44484],[8,-72],[263,-237],[20,-85],[195,-158],[133,-188]],[[49189,43744],[-402,-429],[-86,-43],[-322,162],[-301,-4],[-82,-33],[-186,11],[-56,-103],[-138,-122],[-143,143],[-128,-44],[-172,17],[-200,82],[-374,-111],[-221,22],[-1628,655],[-2272,915]],[[42478,44862],[1128,-120],[1162,-102],[1114,-81],[165,-97],[151,-46],[100,7],[142,-108],[351,-78],[177,67],[220,-11],[295,51],[160,-9],[141,41],[55,59],[203,96],[37,97],[118,151],[157,-12],[163,-84],[81,-84],[-28,-115]],[[38990,30261],[1385,607],[325,-131],[137,216],[-70,215],[-345,1],[-26,229],[66,43],[149,-7],[130,208],[225,47],[-93,191],[181,65],[32,53],[-78,106],[-13,121],[79,78],[-11,95],[-97,75],[138,156],[-7,91],[131,147],[141,7]],[[43007,31000],[-188,-115],[139,-147],[222,-149],[84,-131],[142,-318],[231,-270],[95,-218],[61,-38]],[[65478,13224],[545,1637],[338,1009],[25,57]],[[78439,19379],[34,-104],[119,-103],[-53,-81],[-79,-237],[34,-29],[-41,-231],[15,-175],[-84,-238],[-75,-115],[18,-312],[-26,-134],[-96,-262],[12,-229],[61,-37],[193,-228],[48,-89],[296,-75],[211,135],[106,18],[26,-103],[-238,-140],[-177,-36],[-138,-149],[-11,-96],[-105,-20],[-158,-94],[-56,-128],[54,-156],[-213,-125],[-11,-71],[94,-387],[-238,-343],[-253,-270],[-40,-186]],[[77668,14549],[-139,5],[-417,195],[-55,72],[64,187],[-95,56],[-250,5],[-122,-32],[-126,110],[-115,-7],[-34,-76],[-113,5],[-138,184],[-142,-42],[80,-96],[-123,-44],[-145,-137],[-36,-85],[-128,-102],[-103,27],[-186,-7],[-117,-75],[-178,273],[-101,24],[-446,44],[15,97],[-124,114],[-206,7],[-14,137],[-203,-11],[78,150],[-87,55],[-116,0],[-235,-110],[-118,21],[-204,-68],[-89,-78],[-333,81],[-258,-69],[-88,-77],[-122,-5],[-89,-89],[7,-101],[148,-132],[132,-201],[-2,-53]],[[36825,33323],[53,80],[-69,76],[-112,-12],[-69,97]],[[45931,28736],[138,55],[183,-4],[62,-38],[181,96],[4,84],[127,-24],[258,49],[200,-59],[350,63],[117,-34],[107,-170],[145,8],[160,66],[170,-74],[129,46],[95,-58],[100,52],[360,-77],[23,-50],[233,-10],[50,63]],[[12302,52322],[23,-20],[-567,-529]],[[11758,51773],[298,-190],[155,-66],[236,-162],[15,-137],[196,-144],[227,-311],[174,-284],[-12,-450],[-70,-140]],[[12977,49889],[-115,180],[-23,135],[-150,104],[-224,-17],[-59,-85],[-140,-82],[-135,16],[-95,-59],[12,-99],[-154,-2],[-101,38],[-250,-152],[-6,-37],[-226,-134],[-256,-21]],[[10781,49937],[-67,112],[-224,169],[-118,-30],[-218,61],[-57,106],[-47,192],[101,44],[8,74],[274,262],[-14,119],[-64,57]],[[77668,14549],[100,-147],[-39,-211],[80,-85],[-113,-194],[-10,-74]],[[93178,85547],[210,-16],[62,81],[198,42],[280,-149],[232,8],[231,88],[143,-38],[175,59],[302,14],[98,-78],[86,62],[63,118],[235,107],[95,-5],[153,-127],[184,27],[174,-23],[111,44],[191,-11],[79,72],[121,37],[131,-114],[141,-78],[199,8],[131,45],[120,87],[164,64],[205,32],[411,-70],[-8,-82],[305,14],[200,55],[5,-121],[69,-114],[245,3],[10,-79],[277,34],[153,-32],[18,102],[134,-6],[388,199],[100,-62],[-248,-286],[-344,-373],[-410,-494],[-379,-399],[-1457,-1655],[-1039,-1164],[-390,-448],[-1015,-1134]],[[88409,87134],[61,-39],[206,-18],[43,-73],[163,-108],[46,-102],[261,-51],[116,-196],[154,-90],[90,-91],[18,-110],[131,-36],[93,-101],[188,-64],[-38,-136],[83,-64],[105,25],[196,-140],[-7,-70],[181,-51],[251,-104],[84,-83],[89,16],[215,-87],[129,5],[2,102],[116,73],[191,3],[114,59],[171,-71],[94,34],[171,-57],[54,35]],[[87887,77249],[-167,3],[-143,-217],[-83,-47],[-259,-8],[-207,725],[-70,324],[29,146],[-9,360],[-266,84],[-133,-4],[-141,-48],[-162,35],[-74,83],[-155,-23],[-166,-91],[-388,-76],[-236,59],[-103,-8],[-124,-228],[-47,-34],[-115,244],[-159,107]],[[84709,78635],[-353,275],[-528,209],[-488,30],[-196,263],[-74,18],[-225,-22],[-237,-67],[-325,125],[-433,-65],[-175,-64],[-295,104],[-385,235],[-317,262],[-311,394],[-78,231],[-10,223],[15,243],[-180,490],[-241,382],[-132,245],[59,78],[-18,311],[114,293],[-2,64],[100,158],[7,204]],[[90953,76179],[-703,-542],[-501,-394],[-535,-406],[-626,-494],[4,-315],[-16,-2242],[10,-682],[-10,-1709],[0,-829],[-10,-515],[-15,-117]],[[88551,67934],[-322,-24],[-269,11],[-291,106],[-453,283],[-211,190],[-58,172],[-144,166],[-229,182],[-120,41],[-276,-6],[-334,221],[-232,24],[-227,-23],[-191,110]],[[85194,69387],[-57,44],[-63,156],[-281,228],[-176,76],[-29,88],[-107,61],[-21,335],[-70,69],[-216,51],[-344,269],[-128,175],[-4,116],[-144,94],[67,100],[-188,137],[-37,71],[6,154],[-265,286],[22,104],[-135,132],[6,99],[-175,403],[-106,126],[-95,304],[-203,180],[134,232],[74,22],[-26,212],[11,161],[-220,94],[10,87],[-95,67],[110,74],[-77,63],[-31,286],[34,63],[-53,166],[-289,112],[-1074,397],[-1424,514],[-81,81]],[[79454,75876],[436,95],[190,-16],[239,94],[283,14],[108,45],[495,60],[52,34],[448,81],[482,15],[306,57],[111,148],[131,275],[56,226],[55,111],[138,139],[41,118],[95,113],[112,26],[178,500],[182,205],[240,166],[121,52],[112,130],[212,55],[432,16]],[[79454,75876],[-75,85],[-677,630],[-422,382],[-473,412],[-687,586],[-417,367],[-128,88],[-1093,350],[-2004,631],[-6,829],[1,1544],[-5,1185]],[[73468,82965],[669,1132],[334,578],[1562,645]],[[44606,40457],[77,147],[-66,36],[-62,172],[-265,92],[-61,101]],[[42478,44862],[2079,-1942],[144,-100],[75,-101],[3,-129],[71,-98],[-203,-85],[-31,-161],[88,-215],[154,-120],[119,-157],[301,-70],[198,90],[-3,-98],[130,-289],[104,-2],[142,-73],[269,-51],[8,-30]],[[46126,41231],[-87,-39],[-228,-24],[-73,24],[-68,-106],[-191,-82]],[[41945,38572],[30,-10]],[[41975,38562],[-57,-48],[-57,-467],[-317,1],[-96,-150],[335,-88],[49,-69],[325,-284],[234,-100],[226,-123]],[[21630,56472],[-457,-14],[-165,-31],[-176,23],[-36,53],[-150,-15],[-32,-115],[-80,-38],[-61,-212],[-101,-83],[-22,-76],[-175,-69],[-127,-138],[-10,152],[-48,93],[-112,12],[-78,117],[-24,118],[-139,-27],[-167,38],[-131,127],[202,132],[-95,98],[-124,27],[-90,177],[-16,181],[64,71],[-69,166],[7,184],[67,50],[175,11],[67,101],[-9,102],[-156,199],[-74,-20],[-197,83],[-81,72],[-118,-6],[6,100]],[[18898,58115],[554,371]],[[19452,58486],[413,276],[555,337],[178,-6],[120,58],[136,-2],[110,-83],[229,-44],[318,219],[546,153],[275,19]],[[22332,59413],[-28,-298],[90,-150],[60,-30],[-87,-130],[40,-251],[-78,-161],[15,-137],[54,-19],[33,-211],[-14,-197],[17,-240],[-96,-198],[18,-83],[-188,-105],[-90,-93],[-55,-122],[27,-139],[-75,-93],[22,-75],[-207,-135],[-160,-74]],[[19742,54733],[26,94],[-61,219],[-393,2],[156,235],[-658,73],[-18,64],[74,236],[-437,64],[-99,-78]],[[18332,55642],[-225,76]],[[15505,58242],[1069,-406],[333,-110],[770,-283],[403,137],[79,62],[739,473]],[[21630,56472],[30,-60],[-127,-216],[58,-74],[-40,-135],[42,-60]],[[49197,38303],[-20,-72],[70,-139],[-100,-23],[10,-95],[-127,-86],[-125,-262],[32,-112],[-69,-90],[141,-24],[107,-73],[40,-174],[115,-54],[-57,-143],[94,-110],[-117,-54],[241,-51],[54,-51],[-120,-114],[-92,-35],[-53,-99],[52,-41],[-46,-285],[9,-100],[-58,-90],[-197,-195],[-244,-210],[-82,-247],[-99,-81]],[[46079,35573],[-867,103],[-81,106],[4,92],[-96,142],[382,479],[-880,77],[-30,-110],[-237,-44],[-49,-86],[-333,-231]],[[2421,49929],[67,94],[-47,238],[-64,180],[-165,137],[24,168],[-16,138],[108,95]],[[2328,50979],[287,-77],[243,-101],[61,44],[58,189],[198,-31],[45,-39],[186,-25],[121,68],[125,1],[80,77]],[[3732,51085],[143,-58],[-40,-104],[14,-218],[105,-268],[113,49],[82,-53],[183,-15],[40,-167]],[[36664,33807],[-75,31]],[[36589,33838],[59,39]],[[36648,33877],[111,16]],[[36759,33893],[104,-40],[229,138]],[[34983,40169],[-7,378],[202,159],[109,41],[213,-42],[353,42],[148,-34],[237,-10],[16,-92],[155,-33],[194,-107],[95,4],[190,-124],[194,1],[116,-46],[113,25],[237,-14],[317,125],[131,24],[96,63],[125,15],[129,76]],[[38346,40620],[211,12],[48,-76],[217,3],[128,-61],[289,-41],[131,-156],[100,2],[428,-192],[1,-75],[236,-81],[91,10]],[[42478,44862],[-872,-1841],[-415,-855],[-74,-83],[2,-86],[-299,-63],[19,-358],[-123,-44],[-16,-100],[63,-124],[-82,-128],[-236,-52],[55,-248],[-59,-93]],[[40441,40787],[-129,121],[-66,120],[-304,-62],[-131,40],[-87,70],[-82,148]],[[39642,41224],[-147,64],[-74,121],[-226,136]],[[39195,41545],[62,17],[12,181],[-133,213],[87,32],[-17,119],[-219,275]],[[70884,5918],[76,-233],[-42,-97]],[[71686,5192],[-165,-253],[-183,-206],[-98,-275],[-124,-281]],[[71116,4177],[-179,-2],[-90,-47],[-111,26],[-94,93],[-299,-186],[-68,-125],[-298,-73],[-190,-126],[-128,-41],[-157,-290],[-168,-76],[-767,-550],[-825,117],[-69,-73],[-13,-133]],[[8472,50519],[-7,-87],[-144,-104]],[[8321,50328],[-127,-60],[-45,59],[-164,-131],[-182,-37],[-97,38],[-171,-182],[-126,4],[-38,64]],[[7371,50083],[-148,-71],[-84,26],[-30,-185],[-153,-29],[-432,-161],[-178,-23],[-145,-162],[138,-118],[-58,-158],[-226,-61]],[[6055,49141],[-21,64],[-283,199]],[[5394,50558],[263,155],[42,156],[110,43],[161,8],[23,65]],[[40822,35269],[51,91],[105,44],[60,116],[103,37],[154,111],[255,37],[129,-45],[280,114],[192,14],[204,-62],[161,-111],[102,-107],[244,-171],[51,-62]],[[42913,35275],[134,-119],[111,4],[19,-118],[207,-173]],[[43384,34869],[-175,-172],[-280,33],[-1,-199],[253,-332],[62,-166],[65,-43],[-9,-191]],[[41370,32997],[-629,15],[-305,469],[-194,-4],[-338,295]],[[39900,33866],[86,13],[23,132],[192,137],[129,-1],[71,71],[123,7],[100,197],[-44,59]],[[43462,31284],[164,-8],[273,-95],[278,-8],[267,134],[282,18],[233,-122],[141,7],[103,-95],[230,-40],[231,-191],[160,22],[86,-30],[177,93],[174,-145],[76,13],[88,-160],[229,-149],[15,-123],[78,-192],[80,-25],[69,-143],[253,182],[115,265],[-8,117],[170,9],[96,-156],[97,-58],[122,63],[67,82],[32,189],[218,83]],[[28640,48680],[-231,-43],[-16,-48],[191,-71],[24,-171]],[[28608,48347],[-54,-22],[-582,-130],[-102,-584],[-49,-110],[-53,-237],[-48,-320],[-272,19],[90,-551],[-249,-167],[-503,157],[-133,148],[-439,114],[-92,278],[-132,10],[-302,-21],[0,110],[-57,181],[-256,85],[-136,-272],[76,-50],[364,-323],[144,-110],[15,-105],[-94,-230],[-115,-110],[-160,-269],[-247,-175],[-2,-66],[-170,-1],[-179,286],[-74,-31],[-217,160]],[[17060,51448],[5,52]],[[17065,51500],[107,184],[64,174],[-126,125],[221,75],[-48,97],[265,30],[-17,128],[144,297],[90,116],[-76,261],[-210,-33],[-79,33],[76,196],[-90,235],[-28,177],[38,245],[-60,2],[-47,235],[54,15],[174,222],[138,6],[393,63],[-136,202],[138,15],[48,191],[-289,14],[-16,134],[177,105],[63,165],[65,22],[111,188],[115,23],[8,200]],[[23436,44663],[567,-253],[-229,-159],[8,-84],[-110,-204],[666,-203],[26,-169],[123,-16]],[[24487,43575],[-27,-164],[22,-166],[220,-57],[-177,-397],[-178,-24],[-65,-75],[248,-78],[-194,-193],[-149,-274],[-113,-89],[57,-114],[-43,-236]],[[24088,41708],[-108,-56],[-171,-32],[16,111],[-48,89],[-190,10],[-26,-192],[-206,-389],[-60,-237],[-413,71],[-76,-31],[-120,-139],[-181,-90]],[[13176,49055],[-164,265],[-133,267],[-58,333],[156,-31]],[[11758,51773],[590,32],[1332,87],[508,29],[666,-220],[122,95],[313,-70],[35,-54],[241,20],[123,72]],[[62902,67634],[-65,88],[-1463,2425],[-1020,1705],[-1182,1962],[-1190,1981],[-149,274],[-854,1408],[-774,1259],[-240,398],[-656,614],[-950,876],[-1605,1479]],[[52754,82103],[78,55],[208,11],[396,73],[1718,-85],[1131,-60],[453,-34],[713,203],[220,48],[-16,248],[220,21],[145,-125],[95,-190],[6,-73],[292,-90],[540,-19],[431,-82],[79,-31],[138,158],[-44,118],[173,30],[78,-136],[345,-399],[1487,-356],[117,-14],[709,-199],[676,32],[-14,88],[78,59],[139,-7],[67,-59],[220,-43],[279,-90],[-1,117],[178,39],[245,-65],[69,53],[217,49],[8,93],[111,4],[242,-195],[297,-102],[241,-9],[33,-92],[305,-116],[150,21],[77,-131],[364,29],[123,-35],[257,-13],[145,-49],[279,80],[190,-15],[195,202]],[[67636,81020],[74,-74],[-79,-173],[-195,-188],[-51,-122],[20,-152],[156,-216],[155,-904],[35,-256],[115,-86],[56,-314],[18,-737],[21,-363],[9,-659],[-307,-177],[-390,-151],[-294,-237],[-202,-181],[-58,-101],[-339,-67],[-227,-120],[-82,-99],[-554,-26],[-106,-121],[-191,-81],[-92,-171],[-66,-319],[-576,-10],[38,-736],[-101,-724],[-123,-110],[-36,-177],[-158,-152],[-415,-804],[-312,-415],[-1139,-237],[47,-86],[29,-237],[60,-132],[39,-185],[150,-310],[0,-64],[177,-301],[30,-283],[50,-101],[-39,-273]],[[71116,4177],[-7,-158],[-229,-400],[-179,-360],[-35,-121],[-158,-295],[-79,-321],[-53,-136],[-66,23],[43,132],[-74,153],[-252,-77],[-50,-66],[57,-96],[-32,-128],[-148,-112],[9,-128],[-207,-142],[-111,-178]],[[9565,56497],[757,-813],[77,-55],[291,-132],[232,23],[196,-176],[-178,-170],[111,-203],[9,-132]],[[8320,54052],[-70,204],[-77,-40],[-106,33],[-78,-48],[-200,49],[-101,-4],[-63,-88],[2,-118],[-67,-48],[-286,65],[-45,96],[-80,29],[-264,-11],[5,70],[-162,85],[-36,84],[-135,-37],[-169,33],[-107,-15]],[[6281,54391],[-82,176],[92,59],[7,73],[136,112],[210,51],[40,178],[56,101],[-7,118],[175,125],[190,289],[36,193],[84,222],[-14,260],[71,339],[129,279],[127,102],[82,173],[123,68],[548,-44],[67,478]],[[16774,44210],[-64,106],[-214,117],[-147,10],[-45,182],[-224,126],[-193,-24],[-219,28],[-80,-34],[-223,43],[-141,58]],[[15224,44822],[-107,120],[-406,-177],[-212,30],[-81,80],[-260,15],[-334,-125],[-94,87],[-183,93],[-237,7],[-240,-33],[-125,33],[-218,-100],[-196,-186],[-62,73],[-173,-1],[122,216],[-130,155],[-261,75]],[[12869,46034],[201,71],[89,-61],[305,130],[241,-102],[-8,-241],[651,0],[81,-119],[110,109],[230,107],[42,138],[86,70],[-31,153],[66,16],[465,-256],[191,-52],[44,57],[145,29],[332,20],[255,-96],[81,-306],[-4,-385]],[[38346,40620],[-51,100],[128,5],[132,182],[-21,63],[116,203]],[[38650,41173],[54,39],[385,-29],[287,74],[117,-51],[149,18]],[[40441,40787],[56,-177],[145,-131],[208,-72],[26,-102],[-70,-78],[-63,-176]],[[7152,49385],[219,222],[190,-40],[-71,152],[-115,32],[-4,332]],[[8321,50328],[57,-169],[283,-23],[356,-326],[123,15],[85,-146],[-49,-93],[-199,-63],[-89,-163],[77,-125]],[[6746,48399],[-137,103],[-153,-51],[-192,-120],[-114,-130],[-204,-73],[42,159],[-3,204],[-84,121],[171,47],[2,167],[38,118],[-157,125]],[[5955,49069],[100,72]],[[71646,6327],[113,18],[147,84],[175,-83],[98,-329],[-194,-77],[-164,152],[-74,29],[-18,104],[-83,102]],[[43384,34869],[183,-131],[148,24],[62,-140],[104,-31],[121,-196],[193,-147],[134,-24],[70,-77],[176,-13],[161,-193],[151,-8],[163,-111],[181,-209],[147,-207],[207,-2],[58,-84],[254,-39],[82,-115],[107,-15],[114,-113],[122,-190],[7,-103],[109,-35],[30,-172],[132,-75],[105,-105],[-9,-119],[89,-142],[-1,-90],[172,-49],[284,-205],[90,-136],[-7,-114]],[[56713,5336],[-404,220],[-1705,951],[-2736,1522]],[[51868,8029],[297,-12],[290,41],[102,105],[243,-127],[280,-112],[153,-18],[242,14],[472,75],[358,77],[124,62],[-40,91],[5,169],[-33,284],[-264,318],[-1293,178],[-1,1183],[3,1939],[-180,1],[-4,577],[185,0],[0,134]],[[52807,13008],[218,-88],[911,-146],[-77,-151],[-63,-218],[282,-52],[357,-14],[90,157],[255,26],[195,-70],[114,-90],[59,98],[532,1],[180,57],[164,-57],[187,99],[132,30],[36,195],[-189,165],[-60,167],[13,145],[223,63]],[[56366,13325],[257,-106],[28,-117],[-47,-105],[350,-171],[230,-219],[245,-64],[98,-203],[352,-77],[-147,-96],[-135,-21],[-143,43],[-278,-64],[-64,26],[-172,-79],[6,-82],[-89,-82],[-132,-52],[360,-766],[1183,-5],[351,-483],[-791,-411],[-196,-63],[-973,-535],[-95,-59],[336,-325],[74,-2],[42,-116],[-2,-150],[176,-125],[-41,-156],[46,-59],[198,-26],[721,443],[469,267],[352,-364],[129,-268],[61,-68],[768,-398],[732,-52],[60,-123],[173,-66],[-31,-739],[655,-4],[173,-463]],[[42734,38757],[154,166],[-138,180],[-37,180],[-182,142],[-63,287],[-119,85],[-222,222],[-84,184],[-139,92],[16,65]],[[53089,34937],[-173,632],[-119,285],[340,379],[-52,168],[-172,212],[-318,109],[-65,72],[-34,140],[-234,66],[-7,75],[-148,34],[-152,-33],[-200,37],[-96,-53],[-78,49],[15,200],[-148,165],[-54,282],[237,11],[261,77],[33,124],[-96,178],[-77,18],[-50,97],[-496,279],[-65,133],[-165,177]],[[50976,38850],[132,83],[329,59],[147,-15],[177,26],[31,55],[154,-45],[157,84],[84,159],[153,-185],[220,-3],[253,-51],[232,78],[75,78],[187,107],[731,236],[209,136],[237,237],[156,-11],[60,-58],[147,-9],[70,-195],[110,53],[246,57],[189,5],[-123,-222],[54,-82],[273,-53],[169,24],[186,-36],[242,85],[120,77],[135,16],[577,-24],[368,-126],[134,64],[370,-7],[96,-53],[233,-26],[197,32],[220,-56],[67,-61],[212,-37],[158,41],[93,-28],[76,-195],[142,-79],[96,-11],[209,48],[114,129],[417,272],[275,45],[206,-95],[99,16],[104,78]],[[50976,38850],[-155,54],[-153,-92],[-102,12],[-80,71],[-138,-1],[-121,76],[-118,-19],[-73,44]],[[49797,39844],[10,104],[94,27],[267,181],[-269,232],[13,35],[-236,145],[56,217],[-69,247],[365,621],[242,278],[68,174]],[[50338,42105],[197,19],[159,136],[56,171],[52,264],[-69,47],[130,95],[-81,77],[115,204],[-9,119],[47,143],[110,132],[5,105],[86,110],[341,-40],[67,-52],[175,-28],[325,25],[208,-8],[165,-52],[147,26],[273,201],[52,124],[249,66],[43,134],[232,320],[60,391],[253,105],[4,127],[181,241],[156,98],[226,64],[230,-83],[54,72],[151,24],[23,70],[140,86],[96,165]],[[30264,36065],[-518,766],[-325,467],[-121,-21],[-605,-163],[-140,181],[-90,4],[-6,105]],[[28459,37404],[-218,329],[-134,320],[378,317],[30,197],[-91,92],[58,125],[-77,61],[-244,101],[-106,212],[-16,123],[-183,29],[-489,358]],[[27079,41485],[-7,26]],[[27072,41511],[162,-23],[38,134],[-31,107],[51,98],[0,208],[60,159],[-83,149],[11,54],[9,887],[-130,-102],[-121,-20],[-129,214],[-11,185],[241,37],[99,199]],[[27072,41511],[-170,821],[-59,17],[-199,274],[-272,109],[-275,676]],[[26097,43408],[130,20],[33,197],[379,43],[21,137],[132,70]],[[3732,51085],[83,121],[78,-18],[170,138],[220,39],[297,1],[20,-103],[-46,-75],[81,-48],[128,51],[256,258],[132,45],[231,183],[75,91],[-74,166],[45,112],[-213,96]],[[5215,52142],[-171,107],[71,190],[162,-99],[269,4],[186,23]],[[18225,46772],[-8,-235],[-441,-4],[-49,-48],[-198,-23],[-99,177],[-53,236],[-89,150],[-260,50],[-114,-147],[-203,61],[-145,98],[-111,-23],[-164,71],[-111,-201],[-137,75],[-194,-17],[-160,48],[-296,215],[-86,-107],[-346,66]],[[26960,31772],[10,119],[-144,165],[-176,28],[-158,124],[-77,156],[-13,121],[-251,129],[-295,-88],[-99,117],[-336,148],[-249,149],[-57,116],[56,164],[159,2],[73,369],[-58,89],[-231,80],[-47,83],[76,93],[-135,63],[20,93],[-82,45],[-29,115],[-237,63]],[[24680,34315],[235,174],[219,194],[188,269],[247,426],[442,543],[-111,89],[-24,158],[188,338],[80,215],[76,20],[100,106],[-16,72],[188,222],[100,28],[56,190],[200,186],[148,102],[107,128],[415,178],[-51,-300],[0,-146],[172,35],[111,-121],[709,-17]],[[24680,34315],[-340,-26],[-160,-57],[-21,-65],[-173,108],[-102,104],[-31,130],[-91,73],[-370,53],[-158,147],[-149,75],[-63,171],[-170,47],[-74,126],[0,97],[-86,180],[-257,214],[-99,25],[3,179],[690,106],[-98,85],[-58,107],[-3,296],[-42,130],[27,216],[53,55],[-28,124],[37,97],[0,198],[-47,151],[27,65],[-76,239],[59,86],[7,269],[115,239],[-198,507],[-82,138],[-180,-2],[-1366,19],[-1211,984],[-126,260]],[[24088,41708],[27,-57],[-80,-193],[218,-76],[168,-94],[321,-132],[191,-205],[315,-40],[83,-88],[102,14],[95,-133],[381,-619],[-397,-345],[-433,302],[-505,-25],[22,-98],[185,12],[467,-469],[11,-112],[193,-79],[819,493],[210,-154],[293,155],[564,228]],[[26119,25487],[-254,109],[-1677,750],[-1318,585],[-2049,919],[-613,270]],[[20208,28120],[959,452],[606,339],[339,142],[162,-7],[500,-101],[132,20],[4,338],[190,146],[259,490],[40,191],[-84,100],[-112,9],[-61,148],[-207,412],[-165,125],[-307,322],[-240,172],[-92,93],[-722,425],[-483,323],[125,154],[-8,90],[112,327],[171,130],[489,463],[237,256],[-115,217],[-145,94],[-183,232],[-231,244],[-52,92],[-418,417],[-206,145],[165,170],[-142,78],[-82,86],[-144,269],[-3,136],[86,174],[120,124],[-36,134],[31,180],[-308,226],[-109,111],[-266,167],[-96,94],[57,175],[166,142],[128,23],[174,192],[-150,128],[78,87],[-68,187],[261,226],[-238,120],[-207,-67]],[[20208,28120],[-433,201],[-1323,588],[-211,89],[-1405,631],[-720,308],[-1853,838],[-437,203]],[[9000,50918],[7,-78],[147,-22],[282,99],[153,146],[-33,90],[154,13]],[[31610,43911],[-102,90],[-12,113],[-152,-24],[-201,35],[4,-100],[134,-4],[-12,-127],[-449,-66],[10,136],[-43,389],[69,154]],[[30856,44507],[38,85],[384,37],[116,-167],[89,202],[196,29],[-311,960],[-3,231],[-131,369],[-148,251],[15,69],[-109,65]],[[6901,37800],[-448,271],[-387,162],[-172,-252],[-141,-20],[-43,-56],[-256,-20],[-145,-85],[-149,-41]],[[5160,37759],[-175,109],[-134,161],[-215,148],[-318,32],[-264,302],[-44,83],[-242,147],[-162,238]],[[3606,38979],[-40,86],[286,127],[373,204],[253,118],[256,166]],[[4734,39680],[81,40],[367,60],[273,70],[45,282],[175,383],[155,1],[132,112],[106,46],[94,152]],[[8054,39763],[39,-77],[-175,-148],[-136,-153],[25,-259]],[[49189,43744],[223,-231],[58,-160],[137,-77],[197,-30],[-76,-214],[92,-184]],[[49820,42848],[-119,96],[-154,-73],[-26,-154],[-77,-39],[21,-123],[-211,-120],[-63,-98],[-181,-17],[-176,-200],[-187,-115],[-197,-92],[-337,-26],[-146,38],[-190,-53],[-166,17],[-52,53],[-257,57]],[[47302,41999],[-165,114],[-248,48],[-190,131],[-191,195],[-106,-10],[-119,55],[-148,5],[-409,204],[-81,-19],[-125,61],[-628,431],[-24,32],[-2390,1616]],[[24487,43575],[95,21],[182,-63],[279,-178],[37,53],[419,-211],[80,44],[190,-103],[78,50],[111,151],[139,69]],[[52933,69179],[-547,1469],[-293,815],[-2177,664],[-1318,403]],[[26760,79475],[-4,1381],[-7,2527]],[[26749,83383],[-8,2455],[-3,1454],[-1,1300],[10,1867]],[[26747,90459],[2290,-2],[161,60],[224,-66],[1704,-27],[779,-18],[669,-3],[385,-15],[984,99],[240,-4],[208,-118],[237,-7],[1261,55],[786,27],[448,-176],[376,-72],[617,-210],[0,-57],[197,5],[142,-29],[218,-166],[77,13],[139,-79],[121,100],[304,-159],[131,-186],[155,13],[145,-47],[299,-368],[232,-134],[56,22],[795,-412],[501,-251],[734,-382],[1183,-608],[450,-218],[897,-468],[1073,-617],[574,-297],[334,-210],[598,-328],[164,-72],[600,-327],[424,-209],[566,-300],[787,-405],[109,-67],[592,-269],[339,-142],[186,-29],[133,-229],[360,-301],[154,-65],[667,-426],[202,-175]],[[47090,47842],[160,-49],[184,-170],[30,-128],[118,-92],[227,32],[316,-93],[119,-190],[3,-103],[71,-193],[181,-44],[352,-157],[175,23],[218,-43],[151,-66],[53,-108],[275,-97]],[[49723,46364],[112,-63],[431,80],[-22,-148],[-67,-115],[26,-103],[132,-33],[12,-187],[-61,-74]],[[12881,40876],[-16,119],[-93,23],[-49,149],[9,145],[57,177],[87,117],[-129,94]],[[13856,42284],[172,-101],[154,-320],[-82,-299],[-66,-3],[-15,-134]],[[9918,43799],[440,20],[409,-31],[233,-83],[464,-253],[294,-45],[186,43],[185,228],[288,156],[117,86],[58,98],[204,32],[84,83],[343,-161],[77,16],[62,-108],[168,-72],[79,-114],[200,-120],[168,-39],[130,36],[153,-7]],[[14260,43564],[-65,-199],[-282,-207],[-181,-74],[-68,-195],[28,-245],[48,-158]],[[72735,6642],[47,-95],[-137,-134],[-206,-256],[-126,-62],[-105,2],[-40,161]],[[7733,43662],[1717,805]],[[15224,44822],[-327,-457],[-389,-75],[-116,-103],[-68,-186],[-29,-320],[-35,-117]],[[12565,38821],[-328,-196],[-127,-102],[-155,-176],[-87,18],[-81,-74]],[[5160,37759],[132,-136],[-2,-65],[105,-126],[-82,-58],[33,-84],[-51,-253],[19,-113],[122,-133],[32,-90],[87,-41]],[[5555,36660],[-259,-138],[-18,-65]],[[5278,36457],[-42,6],[-404,-249],[-156,25],[-197,-173],[122,-48],[-34,-149],[3,-224],[-257,-161],[-94,-177]],[[4219,35307],[-279,114],[-645,302],[-137,50],[-1047,465],[-25,3],[-412,-236],[-116,6],[-105,100],[-18,224],[-124,96],[-1039,2],[-101,1935]],[[171,38368],[1923,-4],[100,204],[309,31],[86,38],[275,6],[144,103],[207,39],[337,195],[54,-1]],[[39195,41545],[-109,49],[-91,111],[-79,29],[-122,-59],[-150,12],[-54,89],[-210,39],[-40,-58],[-152,-26],[-105,-79],[-122,-6],[12,207],[-391,-90],[-173,90],[-162,133],[-120,-41],[-56,173],[114,0],[203,92],[-34,184],[-143,13]],[[28771,45161],[91,84],[341,-48],[60,334],[-10,241],[79,379]],[[30856,44507],[-80,246],[-302,12],[-104,-187],[-78,-51],[-74,83],[-182,47],[-106,-160],[67,-109],[-21,-111],[25,-278],[59,-61],[-24,-245],[-181,10],[-103,-95],[97,-163],[36,-219],[150,-269],[-25,-247]],[[34349,41301],[137,-55],[237,41],[235,265],[277,29],[88,-119],[118,-21],[159,-92],[272,17],[84,50],[212,17],[187,81],[107,-89],[147,52],[280,-42],[135,30],[128,-58],[179,3],[202,-68],[175,29],[84,59],[205,12],[145,-139],[200,-10],[127,28],[181,-148]],[[18515,61588],[-359,-211],[-268,-105],[350,-271],[57,24],[141,-135],[81,-147],[198,-169],[431,-66],[281,-8],[-49,-58],[-234,-50],[-81,-110],[20,-108],[127,-328],[25,-333],[-182,-477],[133,-38],[268,-448],[-2,-64]],[[71729,7193],[24,-87]],[[9038,39797],[-98,56],[-222,54],[-253,1],[-96,-82],[-189,-40]],[[5800,42643],[136,90]],[[6313,45586],[-22,-174],[132,-256],[40,-156],[413,-974],[266,-642]],[[5571,42491],[-476,-316],[-173,-66],[-154,-10],[-190,55],[-130,128],[-344,709]],[[28608,48347],[89,-131],[194,-52],[137,-235],[105,-28],[44,-139],[-185,-183],[-70,-216],[-417,15],[-172,-436],[17,-137],[-42,-411],[-157,-123],[-121,-200],[-160,-51],[-120,46],[-174,-361],[0,-65],[-380,90],[-6,-229],[-102,46],[-33,-362],[-187,195],[15,227],[-110,22],[-57,-60],[-165,-58],[-202,-17],[22,-406],[130,-34],[-72,-211],[384,-163],[-4,-166]],[[9143,39367],[-183,-246],[22,-100],[-54,-158],[-40,-351],[-1,-318],[31,-52],[-54,-126],[-129,-6],[5,-166],[71,-116],[-26,-187],[31,-41],[82,-324],[-11,-165],[112,-180],[124,-65]],[[37897,34716],[-365,-314]],[[36991,34095],[-39,-59],[-193,-143]],[[36648,33877],[56,115],[-51,165],[-102,171]],[[47302,41999],[-166,-209],[-5,-114],[190,-82],[141,-19],[31,-111],[-192,-15],[-113,-84],[-73,-114],[-180,0],[-139,-43],[-16,-81],[-544,63],[-110,41]],[[10465,47007],[-83,184],[-360,-2],[-143,-30],[-341,44]],[[37813,53817],[-21,71],[218,9],[129,90],[75,-14],[155,301],[-4,186],[142,12],[103,79],[-11,260],[34,64],[-61,155],[-5,170]],[[38567,55200],[48,280],[51,81],[38,243],[48,117],[76,53],[58,136],[-27,145],[99,104],[-15,93],[112,95],[146,692],[118,108],[51,114],[-110,21],[-193,196],[-197,-20],[-41,87],[-187,50],[-462,254],[-69,65],[-81,158],[63,184],[-47,119],[-227,79],[-128,81],[-15,98],[-156,128],[-113,217],[-67,12],[-286,374],[67,236],[122,168],[276,112],[166,137],[112,47],[138,141],[121,223],[125,138],[128,56],[79,82],[47,146],[246,22],[221,47],[289,33],[229,-78],[196,118],[203,-16],[100,45],[384,19],[170,119],[154,5],[204,168],[183,48],[231,-20],[101,-38],[69,48],[140,-22],[466,150],[321,142],[171,39],[50,55],[179,42],[263,93],[120,115],[130,31],[170,151],[-12,145],[97,19],[188,164],[45,5]],[[38567,55200],[-82,158],[-175,40],[-55,-98],[-255,22],[-273,96],[-142,127],[-200,221],[-63,26],[4,359],[-203,198],[-201,92],[-184,-150],[-449,-119],[-70,22],[-25,141],[-102,190],[-239,350],[-35,128],[-154,347],[-152,178],[-94,21],[-293,269],[-178,190],[-1098,-3],[10,190],[-140,212],[-90,396],[59,114],[129,76],[75,290],[-19,62],[94,160],[52,167],[-60,165],[-60,73],[81,136],[-134,47],[-242,34],[-366,125],[-257,163],[-119,34],[-135,103],[-21,172],[-223,-82],[-50,-80],[-297,-110],[-215,-209]],[[31921,60243],[-95,-44],[-85,127],[-149,8],[-221,50],[-230,164],[-65,85],[-119,40],[-82,-43],[-293,-41],[-192,100],[-164,176],[-124,70],[-303,-68],[-65,40],[135,224],[-37,79],[51,147],[2,197],[67,109],[446,280],[199,-13],[11,142],[152,92],[75,-102],[-53,-144],[26,-242],[59,-97],[130,-121],[96,30],[178,314],[182,132],[82,228],[102,187],[78,37],[192,-39],[80,223],[20,208],[191,250],[19,215],[170,33],[93,164],[8,79],[230,242],[-40,57],[-154,70],[115,137],[105,175],[-174,204],[111,272],[-101,21],[-12,273],[114,71],[132,154],[84,219],[-14,222],[-110,95],[181,392],[8,216],[-30,63],[140,188],[3,55],[160,94],[-37,229],[-5,248],[143,111],[81,110],[18,124],[184,126],[260,78],[200,27],[279,106],[150,118],[134,64],[254,66],[-17,176],[138,63],[-20,139],[51,162],[-77,88],[198,136],[-18,88],[31,160],[-1544,582],[14,436]],[[32243,54746],[-409,240],[-126,-1],[-193,117],[-148,179],[-113,-11],[-165,43],[-26,80]],[[31063,55393],[364,277],[228,337],[89,219],[43,209],[-126,218],[8,329],[-57,116],[11,159],[57,113],[-59,202],[-71,54],[33,181],[72,184],[-284,115],[-272,-131],[-87,30],[-29,112],[94,65],[-21,240],[57,66],[277,101],[-79,105],[-228,91],[-98,80],[112,130],[140,22],[183,-116],[92,-8],[204,-140],[71,38],[-28,148],[-181,210],[-5,116],[-171,-78],[-204,37],[-27,175],[109,123],[105,49],[18,117],[143,63],[75,78],[254,107],[70,121],[-24,186]],[[49820,42848],[-68,-123],[83,-43],[-66,-244],[113,-19],[11,-80],[106,-99],[170,-18],[-16,-80],[185,-37]],[[18256,65445],[922,-691],[190,-157],[89,14],[75,-69],[41,-135],[-53,-52],[41,-169],[85,-29],[238,-301],[178,32],[100,-47],[305,9],[219,-63],[204,0],[152,39],[180,-126],[140,-6],[255,-77],[101,-8],[121,-83],[140,-26],[54,-78],[375,-181]],[[22408,63241],[214,-148],[225,-109],[256,-52],[161,-77],[123,-18],[49,-80]],[[23436,62757],[-102,-110],[47,-113],[-7,-167],[72,-80],[-91,-41],[56,-233],[-99,-91],[-26,-189],[-56,-183],[-72,-17],[-23,-133],[-74,-28],[-48,-103],[-115,-14],[-95,-131],[-78,-46],[-116,-182],[48,-77],[-46,-95],[-153,-112],[-21,-119],[20,-177],[-66,-150],[9,-81],[-119,-137],[-68,-145],[-2,-101],[155,-199],[-34,-90]],[[6322,52884],[-105,216],[78,81],[-130,325],[334,40],[37,98],[-55,150],[-84,65],[-146,43],[-104,-67],[-139,48],[-135,135],[-169,-14],[-70,42]],[[5634,54046],[92,63],[97,133],[86,56],[130,2],[242,91]],[[49497,45057],[-402,-269],[-397,-253],[-128,-51]],[[17065,51500],[-259,28],[-123,163],[167,-25],[140,38],[82,183],[-88,5],[29,151],[-122,74],[59,97],[-10,346],[-87,75],[256,46],[-22,267],[-261,149],[-198,36],[-60,-89],[-169,-36],[-258,24],[-394,5],[-205,-101]],[[36273,33737],[42,50],[274,51]],[[4734,39680],[200,953],[-39,155],[-143,144],[-2,98],[-169,4],[-277,-116],[-89,-4],[-166,104],[-239,198],[-94,104],[-171,65],[-566,303],[-934,-366],[-766,-159],[-1170,-148]],[[109,41015],[43,712],[100,470],[196,796]],[[171,38368],[-19,606],[-18,145],[-22,580],[-27,424],[-24,594],[48,298]],[[7425,35391],[-234,47],[-205,148],[12,188],[-177,120],[-199,49],[-3,-275],[-76,-46],[-305,71],[-325,244],[-123,14],[-20,64],[108,157],[29,158],[-292,47],[-153,-11],[-184,91]],[[5555,36660],[259,-126],[108,-1],[196,-136],[55,79],[359,-12],[163,53],[269,-119],[366,-126],[426,-229],[169,-18],[7,-80],[204,-20],[195,-147],[253,-56],[-21,221]],[[5793,34593],[-1267,565],[-307,149]],[[74025,71879],[1487,48],[2216,65],[78,146],[-334,319],[43,198],[192,181],[138,210],[138,112],[93,157],[396,523],[114,194],[48,322],[-71,199],[5,183],[-89,45],[-47,270],[171,282],[297,300],[257,113],[189,49],[108,81]],[[85194,69387],[-2257,-847],[67,-269],[-52,-229],[87,-148],[30,-181],[116,-182],[9,-75],[-92,-153],[-353,-295],[-210,-101],[-385,-292],[-263,-151],[-75,-128],[-270,-68],[-199,-109],[-270,-14],[-132,-61],[-408,82],[-152,-72],[-210,-155],[-60,-188],[-93,-117],[-167,-145],[-245,-289],[-141,-208],[-192,-109],[-100,-101],[-133,-72],[-205,-19],[-110,-65],[-195,29],[-76,-81],[-162,-62],[-308,-202],[-308,-234],[-120,-63],[-52,176],[-115,89],[-478,-75],[-478,-50]],[[49305,14934],[156,92],[76,140],[277,145],[24,225],[70,65],[23,306],[119,125],[-29,77],[40,99],[164,118],[200,291],[108,-6],[159,-90],[129,25],[83,-80],[111,-28],[203,63],[212,-100],[160,-18],[228,25],[139,-153],[298,20],[193,-122],[137,-43],[127,22],[103,-116],[193,13],[101,-83],[117,-5],[59,94],[198,-61],[150,68],[90,-65],[201,-22],[127,-95],[228,37],[214,113],[147,26],[103,-44],[71,63],[121,-26],[89,-204],[-32,-79],[-215,-191],[-89,-106],[64,-78],[-51,-155],[24,-99],[135,-152]],[[54860,14965],[-2049,-3],[-4,-1954]],[[51868,8029],[-1413,786],[-2008,1115],[-157,320],[144,-37],[-49,240],[-63,96],[-32,215],[-96,206],[-154,-29],[-78,245],[-50,63],[-185,34],[-90,83],[-308,33],[-283,228],[-126,-1],[-250,-136],[-301,-69],[-158,32],[-38,51],[213,287],[59,15],[-15,196],[-72,53],[-122,-16],[-155,47],[-138,-30],[-6,216],[423,374],[564,438],[211,20],[55,56],[6,275],[206,-30],[111,80],[10,81],[-203,1072],[-35,240]],[[5215,52142],[-69,3],[-293,130],[-65,-40],[-17,-111],[-592,138],[31,145],[-257,132],[-139,3]],[[3814,52542],[79,65],[146,-33],[79,61],[108,-32],[174,87],[157,25],[17,195],[37,57],[-44,111],[121,36],[329,173],[-77,201],[47,319],[54,113],[241,44],[153,57],[199,25]],[[2328,50979],[262,163],[-18,249],[63,99],[-67,37],[112,167],[12,178],[145,270],[165,30],[188,147],[114,53],[89,-13],[185,199],[236,-16]],[[49723,46364],[18,94]],[[49741,46458],[276,50],[184,161],[335,209],[75,-25],[132,47],[143,-119],[78,1],[-52,222]],[[43163,35507],[-250,-232]],[[23436,62757],[898,-1109],[315,-383],[661,-828],[803,-989],[118,-155],[1104,-1361],[950,19],[926,-918],[876,-863],[312,26],[119,-269],[162,-33],[69,-77],[175,-10],[62,-60],[-26,-199],[103,-155]],[[49741,46458],[-98,72],[-315,126],[-5,44],[-212,114],[-63,149],[-159,80],[-57,68],[56,111],[-164,158],[24,175],[310,89],[121,-3],[-3,156],[-208,49],[-13,189],[-296,202],[-208,113],[-290,186],[-166,60],[-206,126],[-26,86],[86,82],[-104,133],[-10,81],[-164,96],[-73,-27],[-220,63],[-64,59],[-128,18],[-395,213],[-105,-20],[-219,52],[-321,160]],[[11646,52958],[-186,76],[-16,120],[19,267],[-19,80],[-129,103],[60,133],[-27,156]],[[30945,74388],[-103,-5],[-59,-155],[-139,-107],[-62,-234],[-122,-102],[-73,-121],[30,-284],[-160,-206],[117,-121],[25,-109],[-69,-289],[-3,-637],[-108,-124],[-345,-133],[-325,-109],[-306,-147],[-127,-109],[-243,12]],[[28873,71408],[-192,47],[-371,-11],[-215,-44],[-208,113],[-401,161],[-290,142],[-239,-49],[-93,49],[143,456],[2,266],[-25,182],[-185,113],[-27,89],[72,121],[-15,145],[-145,127],[-243,130],[-49,125],[19,228],[-337,331],[-311,218],[-127,32],[-155,-331],[-386,-428],[-207,-180],[-383,-225],[-125,-14],[13,230],[92,106],[35,287],[-15,262],[-55,33],[-363,-49],[-105,77],[-220,347],[-110,246],[-127,202],[-21,303],[-120,-24],[-162,88],[-171,374],[-82,147],[-105,103],[-35,151],[30,75],[-18,161],[-92,94],[-35,135],[-279,-89],[-128,31],[-173,-6],[-182,-54],[-132,-284],[-60,-88]],[[19073,81265],[-134,145],[-17,139],[164,167],[152,-31],[206,28],[90,43],[130,158],[200,60],[353,20],[202,-38],[20,42],[288,42],[186,-51],[172,-17],[50,-105],[190,8],[129,-69],[30,191],[41,48],[-28,200],[265,98],[511,-12],[333,-56],[265,22],[213,77],[112,76],[108,152],[8,74],[141,127],[41,127],[256,71],[261,118],[2738,264]],[[22408,63241],[881,1757],[103,244],[130,192],[100,89],[0,62],[-93,178],[-39,262],[-49,89],[-106,49],[-308,36],[-486,-6],[-90,-40],[-240,121],[-70,111],[17,119],[115,167],[288,218],[102,111],[33,188],[-47,109],[-168,157],[-105,36],[-235,-3],[-140,173],[-341,-32],[-82,44],[5,89],[165,142],[85,163],[115,113],[30,97],[-67,145],[-261,133],[-290,212],[-80,198],[183,91],[183,20],[257,97],[193,-16],[187,54],[83,56],[273,94],[260,-4],[173,96],[202,-6],[278,97],[280,-46],[58,-273],[-88,-127],[17,-428],[78,-101],[-50,-173],[5,-157],[48,-31],[1804,-149],[69,-53],[113,-218],[-15,-215],[115,-156],[55,-147],[-70,-204],[21,-117],[300,-226],[228,95],[264,-142],[105,-12],[265,91],[155,0],[31,139],[150,458],[82,577],[93,309],[18,289],[-70,139],[-353,295],[-186,39],[-7,152],[87,471],[13,240],[42,331],[133,317],[-88,161],[55,75],[413,109],[136,101],[174,73],[163,103],[201,22],[477,254]],[[13349,80983],[112,137],[83,186],[48,585],[132,753],[-76,219],[-104,62],[-42,82],[-308,222],[-160,145],[-141,59],[-325,29],[-137,80],[-63,77],[205,115],[188,4],[164,-50],[152,-81],[162,-22],[259,-252],[210,-76],[221,27],[153,66],[1,78],[159,84],[8,71],[195,92],[170,150],[22,161],[158,119],[103,124],[155,54],[262,-41],[262,64],[284,193],[150,236],[214,197],[71,150],[-25,252],[-49,69],[-235,141],[-435,539],[-315,174],[-161,128],[-136,41],[-168,208],[-29,141],[-155,78],[-65,107],[-98,19],[-160,260],[27,81],[-67,79],[47,91],[67,466],[-38,56],[55,103],[-73,83],[10,132],[77,149],[-110,309],[37,125],[-35,160],[68,274],[-38,206],[20,185],[-57,131],[-175,121],[-251,212],[16,71],[-83,124],[25,92],[-216,214],[-179,355],[7,107],[-83,164],[28,80],[-39,151],[-107,47],[-227,230],[11,215],[59,58],[-25,93],[-97,42],[-48,101],[40,103],[-5,224],[-60,62],[13,91],[-80,188],[-15,337],[-53,295],[-8,288],[38,112],[-30,154],[103,166],[-13,107],[45,129],[-5,2170]],[[12841,96772],[2335,1532],[1759,1689],[1986,4],[2266,2],[108,-153],[102,-83],[106,-151],[165,66],[172,9],[135,48],[146,10],[332,-50],[138,11],[111,-68],[-4,-81],[191,37],[140,-23],[263,-127],[165,-101],[97,-2],[238,-70],[182,54],[84,-28],[29,-105],[100,-115],[0,-133],[98,-111],[-37,-93],[-103,-93],[-85,-317],[57,-153],[103,-123],[85,-287],[-37,-99],[39,-131],[-30,-307],[-97,-420],[-48,-438],[5,-316],[-70,-396],[-12,-383],[95,-55],[218,-44],[205,-103],[247,-287],[90,-341],[83,-436],[62,-705],[85,-463],[-12,-251],[18,-254],[345,-125],[-30,-41],[-103,-347],[35,-81],[263,-46],[7,-115],[-260,-174],[695,-490],[651,-424],[-2,-36]],[[8348,76224],[-43,68],[-25,313],[30,263],[-37,205],[-175,118],[-165,240],[-116,64],[-320,73],[-218,-79],[-124,228],[-156,81],[-140,20],[-68,81],[28,184],[-67,260],[-48,535],[-110,238],[-152,380],[-173,171],[-146,89],[-20,68],[18,370],[118,24],[97,155],[-17,180],[-143,177],[-177,132],[59,64],[343,26],[133,67],[208,210],[67,597],[-35,317],[128,571],[-111,73],[-407,117],[-226,41],[-45,129],[-282,252],[-95,37],[-203,11],[-370,-84],[-210,-149],[-313,199],[-200,158],[-93,171],[-170,188],[-173,-33],[-145,25],[-348,-107],[-255,-58],[-90,88],[325,59],[-19,123],[-178,58],[-160,-34],[-123,101],[141,40],[72,99],[130,99],[460,6],[106,-14],[4,196],[-125,306],[-97,17],[-401,-29],[-100,-92],[-233,-9],[-272,23],[-240,-36],[-195,-71],[-61,10],[35,228],[298,117],[55,55],[125,318],[73,257],[-383,175],[-305,256],[-240,55],[-28,184],[381,96],[34,90],[6,219],[-143,166],[-218,79],[-167,272],[202,210],[-228,357],[-114,87],[-583,357],[1861,1426],[1116,873],[938,721],[1088,845],[1011,776],[335,230],[1192,782],[1336,925],[1498,1009],[775,527],[691,456]],[[5955,49069],[-79,-30],[-201,10],[-14,-82],[-101,-17],[-141,-101],[-528,-92],[-37,-148],[-164,-233],[-272,-98],[-129,0],[-72,-73],[-117,83],[-172,-83],[-9,-167],[-87,-61]],[[56366,13325],[-68,85],[-89,257],[244,22],[25,137],[-135,269],[202,13],[31,320],[89,236],[-4,299],[-1801,2]],[[88551,67934],[16,-33],[-14,-1731],[-1,-565],[20,-2446]],[[88572,63159],[-626,-40],[-2075,217],[-1541,161],[-959,93],[-842,-195],[-326,-46],[-1039,77],[-1555,87],[-622,19],[-1290,81],[-55,-200],[-481,-338],[-75,-12],[-408,47]],[[76678,63110],[-229,26],[-237,611],[-8,158],[75,110]],[[67636,81020],[174,12],[26,-195],[-59,-144],[346,12],[370,-11],[169,-28],[137,20],[216,-107],[416,22],[111,48],[147,-19],[106,70],[71,-20],[212,-548],[216,-73],[273,-23],[447,875],[236,132],[1860,1516],[129,55],[81,85],[148,266]],[[69199,56711],[130,-32],[238,-103],[110,-74],[48,-99],[94,9],[285,146],[1923,1188],[1075,691],[970,644],[105,119],[296,627],[105,269],[482,861],[157,475],[119,117],[139,83],[211,206],[359,304],[84,138],[193,239],[25,68],[187,210],[144,313]],[[88572,63159],[2,-161],[-13,-1881],[0,-1836],[2,-2809],[-47,-24],[35,-3062],[10,-175],[10,-2276]],[[10478,51700],[-5,245],[-190,-3],[-154,-70],[-48,150],[252,198],[117,13],[92,98],[103,28],[141,-21],[-92,142],[-149,165],[45,97],[-127,355],[64,363],[-14,88]]],"transform":{"scale":[7.99391560615616e-05,0.00010090616043160443],"translate":[33.912185792,-4.676391601999967]},"objects":{"ken_adm2":{"type":"GeometryCollection","geometries":[{"arcs":[[0,1,2,3,4]],"type":"Polygon","properties":{"admin1_name":"Uasin Gishu","admin1_pcode":"KE027","admin2_name":"Ainabkoi","admin2_pcode":"KE027144","area_sqkm":502.56191783,"gaul1_code":1396}},{"arcs":[[5,6,7,8]],"type":"Polygon","properties":{"admin1_name":"Kericho","admin1_pcode":"KE035","admin2_name":"Ainamoi","admin2_pcode":"KE035190","area_sqkm":245.64444558,"gaul1_code":1364}},{"arcs":[[9,10,11,12,13,14,15]],"type":"Polygon","properties":{"admin1_name":"Nandi","admin1_pcode":"KE029","admin2_name":"Aldai","admin2_pcode":"KE029152","area_sqkm":467.74427575,"gaul1_code":1384}},{"arcs":[[16,17,18,19,20,21]],"type":"Polygon","properties":{"admin1_name":"Siaya","admin1_pcode":"KE041","admin2_name":"Alego Usonga","admin2_pcode":"KE041234","area_sqkm":607.54214356,"gaul1_code":1390}},{"arcs":[[22,23,24,25]],"type":"Polygon","properties":{"admin1_name":"Migori","admin1_pcode":"KE044","admin2_name":"Awendo","admin2_pcode":"KE044254","area_sqkm":262.95945064,"gaul1_code":1379}},{"arcs":[[26,27,28,29,30,31]],"type":"Polygon","properties":{"admin1_name":"Nakuru","admin1_pcode":"KE032","admin2_name":"Bahati","admin2_pcode":"KE032174","area_sqkm":298.29775606,"gaul1_code":1383}},{"arcs":[[32,33,34,35,36,37]],"type":"Polygon","properties":{"admin1_name":"Garissa","admin1_pcode":"KE007","admin2_name":"Balambala","admin2_pcode":"KE007028","area_sqkm":4840.46340077,"gaul1_code":1359}},{"arcs":[[38,39,40]],"type":"Polygon","properties":{"admin1_name":"Mandera","admin1_pcode":"KE009","admin2_name":"Banissa","admin2_pcode":"KE009040","area_sqkm":3038.61551871,"gaul1_code":1376}},{"arcs":[[41,42,43,44]],"type":"Polygon","properties":{"admin1_name":"Baringo","admin1_pcode":"KE030","admin2_name":"Baringo Central","admin2_pcode":"KE030159","area_sqkm":661.6928548,"gaul1_code":1353}},{"arcs":[[-44,45,46,47,48,49]],"type":"Polygon","properties":{"admin1_name":"Baringo","admin1_pcode":"KE030","admin2_name":"Baringo North","admin2_pcode":"KE030158","area_sqkm":1633.77468037,"gaul1_code":1353}},{"arcs":[[-45,-50,50,51,52,53]],"type":"Polygon","properties":{"admin1_name":"Baringo","admin1_pcode":"KE030","admin2_name":"Baringo South","admin2_pcode":"KE030160","area_sqkm":1826.79167508,"gaul1_code":1353}},{"arcs":[[-7,54,55,56,57,58]],"type":"Polygon","properties":{"admin1_name":"Kericho","admin1_pcode":"KE035","admin2_name":"Belgut","admin2_pcode":"KE035192","area_sqkm":382.72892633,"gaul1_code":1364}},{"arcs":[[59,60,61,62,63,64]],"type":"Polygon","properties":{"admin1_name":"Kisii","admin1_pcode":"KE045","admin2_name":"Bobasi","admin2_pcode":"KE045264","area_sqkm":240.35222583,"gaul1_code":1368}},{"arcs":[[-61,65,66,67]],"type":"Polygon","properties":{"admin1_name":"Kisii","admin1_pcode":"KE045","admin2_name":"Bomachoge Borabu","admin2_pcode":"KE045263","area_sqkm":114.15126455,"gaul1_code":1368}},{"arcs":[[-62,-68,68,69]],"type":"Polygon","properties":{"admin1_name":"Kisii","admin1_pcode":"KE045","admin2_name":"Bomachoge Chache","admin2_pcode":"KE045265","area_sqkm":101.99774136,"gaul1_code":1368}},{"arcs":[[70,71,72,73,74]],"type":"Polygon","properties":{"admin1_name":"Bomet","admin1_pcode":"KE036","admin2_name":"Bomet Central","admin2_pcode":"KE036197","area_sqkm":268.95050205,"gaul1_code":1354}},{"arcs":[[-71,75,76,77]],"type":"Polygon","properties":{"admin1_name":"Bomet","admin1_pcode":"KE036","admin2_name":"Bomet East","admin2_pcode":"KE036196","area_sqkm":305.80982816,"gaul1_code":1354}},{"arcs":[[-63,-70,78,79,80,81,82,83]],"type":"Polygon","properties":{"admin1_name":"Kisii","admin1_pcode":"KE045","admin2_name":"Bonchari","admin2_pcode":"KE045261","area_sqkm":126.67823211,"gaul1_code":1368}},{"arcs":[[-19,84,85,86,87,88]],"type":"Polygon","properties":{"admin1_name":"Siaya","admin1_pcode":"KE041","admin2_name":"Bondo","admin2_pcode":"KE041236","area_sqkm":1310.51628491,"gaul1_code":1390}},{"arcs":[[89,90,91,92,93,94,95]],"type":"Polygon","properties":{"admin1_name":"Nyamira","admin1_pcode":"KE046","admin2_name":"Borabu","admin2_pcode":"KE046273","area_sqkm":293.28179986,"gaul1_code":1386}},{"arcs":[[-20,-89,96,97]],"type":"Polygon","properties":{"admin1_name":"Busia","admin1_pcode":"KE040","admin2_name":"Budalangi","admin2_pcode":"KE040231","area_sqkm":310.63627366,"gaul1_code":1356}},{"arcs":[[98,99,100,101,102]],"type":"Polygon","properties":{"admin1_name":"Bungoma","admin1_pcode":"KE039","admin2_name":"Bumula","admin2_pcode":"KE039219","area_sqkm":345.33320322,"gaul1_code":1355}},{"arcs":[[-36,103,104,105,106,107,108]],"type":"Polygon","properties":{"admin1_name":"Tana River","admin1_pcode":"KE004","admin2_name":"Bura","admin2_pcode":"KE004020","area_sqkm":13602.53874286,"gaul1_code":1392}},{"arcs":[[-58,109,110,-91,111]],"type":"Polygon","properties":{"admin1_name":"Kericho","admin1_pcode":"KE035","admin2_name":"Buret","admin2_pcode":"KE035191","area_sqkm":315.70706395,"gaul1_code":1364}},{"arcs":[[112,113,114,115,116,117]],"type":"Polygon","properties":{"admin1_name":"Kakamega","admin1_pcode":"KE037","admin2_name":"Butere","admin2_pcode":"KE037207","area_sqkm":209.22743884,"gaul1_code":1363}},{"arcs":[[118,119,120,121]],"type":"Polygon","properties":{"admin1_name":"Busia","admin1_pcode":"KE040","admin2_name":"Butula","admin2_pcode":"KE040229","area_sqkm":242.96638872,"gaul1_code":1356}},{"arcs":[[122,123,124,125,126,127,128]],"type":"Polygon","properties":{"admin1_name":"Meru","admin1_pcode":"KE012","admin2_name":"Buuri","admin2_pcode":"KE012057","area_sqkm":1314.8569385,"gaul1_code":1378}},{"arcs":[[-125,129,130,131]],"type":"Polygon","properties":{"admin1_name":"Meru","admin1_pcode":"KE012","admin2_name":"Cental Imenti","admin2_pcode":"KE012058","area_sqkm":771.84548256,"gaul1_code":1378}},{"arcs":[[132,133,134,135]],"type":"Polygon","properties":{"admin1_name":"Mombasa","admin1_pcode":"KE001","admin2_name":"Changamwe","admin2_pcode":"KE001001","area_sqkm":22.76489827,"gaul1_code":1380}},{"arcs":[[-72,-78,136,137,138,139]],"type":"Polygon","properties":{"admin1_name":"Bomet","admin1_pcode":"KE036","admin2_name":"Chepalungu","admin2_pcode":"KE036195","area_sqkm":536.54642253,"gaul1_code":1354}},{"arcs":[[140,141,142,143,144]],"type":"Polygon","properties":{"admin1_name":"Trans Nzoia","admin1_pcode":"KE026","admin2_name":"Cherangany","admin2_pcode":"KE026140","area_sqkm":627.54543431,"gaul1_code":1394}},{"arcs":[[145,146,147,148]],"type":"Polygon","properties":{"admin1_name":"Nandi","admin1_pcode":"KE029","admin2_name":"Chesumei","admin2_pcode":"KE029154","area_sqkm":486.08132219,"gaul1_code":1384}},{"arcs":[[-33,149,150,151,152]],"type":"Polygon","properties":{"admin1_name":"Garissa","admin1_pcode":"KE007","admin2_name":"Dadaab","admin2_pcode":"KE007030","area_sqkm":6925.1749762,"gaul1_code":1359}},{"arcs":[[153,154,155,156,157]],"type":"Polygon","properties":{"admin1_name":"Nairobi","admin1_pcode":"KE047","admin2_name":"Dagoretti","admin2_pcode":"KE047276","area_sqkm":24.44505771,"gaul1_code":1382}},{"arcs":[[-35,158,-104]],"type":"Polygon","properties":{"admin1_name":"Garissa","admin1_pcode":"KE007","admin2_name":"Dujis","admin2_pcode":"KE007027","area_sqkm":568.36264972,"gaul1_code":1359}},{"arcs":[[-2,159,160,161,162,163,164,165]],"type":"Polygon","properties":{"admin1_name":"Baringo","admin1_pcode":"KE030","admin2_name":"Eldama Ravine","admin2_pcode":"KE030162","area_sqkm":932.69770972,"gaul1_code":1353}},{"arcs":[[166,167,168,169,170,171,172]],"type":"Polygon","properties":{"admin1_name":"Wajir","admin1_pcode":"KE008","admin2_name":"Eldas","admin2_pcode":"KE008037","area_sqkm":4740.82975285,"gaul1_code":1398}},{"arcs":[[173,174,175]],"type":"Polygon","properties":{"admin1_name":"Nairobi","admin1_pcode":"KE047","admin2_name":"Embakasi Central","admin2_pcode":"KE047284","area_sqkm":8.18237804,"gaul1_code":1382}},{"arcs":[[-174,176,177,178,179,180]],"type":"Polygon","properties":{"admin1_name":"Nairobi","admin1_pcode":"KE047","admin2_name":"Embakasi East","admin2_pcode":"KE047285","area_sqkm":85.84392988,"gaul1_code":1382}},{"arcs":[[181,182,183,184]],"type":"Polygon","properties":{"admin1_name":"Nairobi","admin1_pcode":"KE047","admin2_name":"Embakasi North","admin2_pcode":"KE047283","area_sqkm":5.42927986,"gaul1_code":1382}},{"arcs":[[-179,185,186,187,188]],"type":"Polygon","properties":{"admin1_name":"Nairobi","admin1_pcode":"KE047","admin2_name":"Embakasi South","admin2_pcode":"KE047282","area_sqkm":17.54934931,"gaul1_code":1382}},{"arcs":[[-175,-181,189,190,-182,191]],"type":"Polygon","properties":{"admin1_name":"Nairobi","admin1_pcode":"KE047","admin2_name":"Embakasi West","admin2_pcode":"KE047286","area_sqkm":9.76080445,"gaul1_code":1382}},{"arcs":[[-16,192,193,-147,194,195,196]],"type":"Polygon","properties":{"admin1_name":"Nandi","admin1_pcode":"KE029","admin2_name":"Emgwen","admin2_pcode":"KE029155","area_sqkm":362.89421597,"gaul1_code":1384}},{"arcs":[[197,198,199,200,201,202]],"type":"Polygon","properties":{"admin1_name":"Vihiga","admin1_pcode":"KE038","admin2_name":"Emuhaya","admin2_pcode":"KE038215","area_sqkm":89.18223968,"gaul1_code":1397}},{"arcs":[[-139,203,204,205]],"type":"Polygon","properties":{"admin1_name":"Narok","admin1_pcode":"KE033","admin2_name":"Emurua Dikirr","admin2_pcode":"KE033178","area_sqkm":325.07818317,"gaul1_code":1385}},{"arcs":[[206,207,208,209,210]],"type":"Polygon","properties":{"admin1_name":"Trans Nzoia","admin1_pcode":"KE026","admin2_name":"Endebess","admin2_pcode":"KE026137","area_sqkm":668.91160975,"gaul1_code":1394}},{"arcs":[[-34,-153,211,212,213,-105,-159]],"type":"Polygon","properties":{"admin1_name":"Garissa","admin1_pcode":"KE007","admin2_name":"Fafi","admin2_pcode":"KE007031","area_sqkm":16583.39556049,"gaul1_code":1359}},{"arcs":[[-21,-98,214,215,216]],"type":"Polygon","properties":{"admin1_name":"Busia","admin1_pcode":"KE040","admin2_name":"Funyula","admin2_pcode":"KE040230","area_sqkm":273.31760174,"gaul1_code":1356}},{"arcs":[[217,218,219,220,221,222,223]],"type":"Polygon","properties":{"admin1_name":"Embu","admin1_pcode":"KE014","admin2_name":"Gachoka","admin2_pcode":"KE014065","area_sqkm":1323.34497264,"gaul1_code":1358}},{"arcs":[[-106,-214,224,225,226,227,228]],"type":"Polygon","properties":{"admin1_name":"Tana River","admin1_pcode":"KE004","admin2_name":"Galole","admin2_pcode":"KE004019","area_sqkm":9687.26659819,"gaul1_code":1392}},{"arcs":[[229,230,231,232,233,234,235]],"type":"Polygon","properties":{"admin1_name":"Kilifi","admin1_pcode":"KE003","admin2_name":"Ganze","admin2_pcode":"KE003015","area_sqkm":2934.56287795,"gaul1_code":1366}},{"arcs":[[-226,236,237,238,239,240,241]],"type":"Polygon","properties":{"admin1_name":"Tana River","admin1_pcode":"KE004","admin2_name":"Garsen","admin2_pcode":"KE004018","area_sqkm":15902.28777176,"gaul1_code":1392}},{"arcs":[[242,243,244,245,246,247,248,249,250]],"type":"Polygon","properties":{"admin1_name":"Murang'a","admin1_pcode":"KE021","admin2_name":"Gatanga","admin2_pcode":"KE021110","area_sqkm":600.61072296,"gaul1_code":1381}},{"arcs":[[-248,251,252,253,254]],"type":"Polygon","properties":{"admin1_name":"Kiambu","admin1_pcode":"KE022","admin2_name":"Gatundu North","admin2_pcode":"KE022112","area_sqkm":234.53556586,"gaul1_code":1365}},{"arcs":[[-254,255,256,257]],"type":"Polygon","properties":{"admin1_name":"Kiambu","admin1_pcode":"KE022","admin2_name":"Gatundu South","admin2_pcode":"KE022111","area_sqkm":221.69837418,"gaul1_code":1365}},{"arcs":[[-18,258,-116,259,-201,260,261,262,-85]],"type":"Polygon","properties":{"admin1_name":"Siaya","admin1_pcode":"KE041","admin2_name":"Gem","admin2_pcode":"KE041235","area_sqkm":402.97620465,"gaul1_code":1390}},{"arcs":[[263,264,265]],"type":"Polygon","properties":{"admin1_name":"Kirinyaga","admin1_pcode":"KE020","admin2_name":"Gichugu","admin2_pcode":"KE020101","area_sqkm":467.11605078,"gaul1_code":1367}},{"arcs":[[-28,266,267,268,269,270,271,272]],"type":"Polygon","properties":{"admin1_name":"Nakuru","admin1_pcode":"KE032","admin2_name":"Gilgil","admin2_pcode":"KE032169","area_sqkm":1263.9644743,"gaul1_code":1383}},{"arcs":[[-257,273,274,275,276,277]],"type":"Polygon","properties":{"admin1_name":"Kiambu","admin1_pcode":"KE022","admin2_name":"Githunguri","admin2_pcode":"KE022116","area_sqkm":172.98386537,"gaul1_code":1365}},{"arcs":[[-15,278,279,280,281,282,-193]],"type":"Polygon","properties":{"admin1_name":"Vihiga","admin1_pcode":"KE038","admin2_name":"Hamisi","admin2_pcode":"KE038213","area_sqkm":186.65449763,"gaul1_code":1397}},{"arcs":[[283,284,285,286,287]],"type":"Polygon","properties":{"admin1_name":"Homa Bay","admin1_pcode":"KE043","admin2_name":"Homa Bay","admin2_pcode":"KE043249","area_sqkm":269.04032363,"gaul1_code":1360}},{"arcs":[[288,289,290,291,292]],"type":"Polygon","properties":{"admin1_name":"Meru","admin1_pcode":"KE012","admin2_name":"Igembe Central","admin2_pcode":"KE012052","area_sqkm":802.36163426,"gaul1_code":1378}},{"arcs":[[-293,293,294]],"type":"Polygon","properties":{"admin1_name":"Meru","admin1_pcode":"KE012","admin2_name":"Igembe North","admin2_pcode":"KE012053","area_sqkm":1075.9141978,"gaul1_code":1378}},{"arcs":[[-290,295,296,297,298]],"type":"Polygon","properties":{"admin1_name":"Meru","admin1_pcode":"KE012","admin2_name":"Igembe South","admin2_pcode":"KE012051","area_sqkm":839.06397407,"gaul1_code":1378}},{"arcs":[[-213,299,300,301,-237,-225]],"type":"Polygon","properties":{"admin1_name":"Garissa","admin1_pcode":"KE007","admin2_name":"Ijara","admin2_pcode":"KE007032","area_sqkm":8224.92062448,"gaul1_code":1359}},{"arcs":[[-203,302,303,304,-282,305]],"type":"Polygon","properties":{"admin1_name":"Kakamega","admin1_pcode":"KE037","admin2_name":"Ikolomani","admin2_pcode":"KE037210","area_sqkm":143.83534258,"gaul1_code":1363}},{"arcs":[[[-129,306,307,308,309,-294,-292,310,311]],[[-170,312,313,314,315,316,317]]],"type":"MultiPolygon","properties":{"admin1_name":"Isiolo","admin1_pcode":"KE011","admin2_name":"Isiolo North","admin2_pcode":"KE011049","area_sqkm":15321.57226279,"gaul1_code":1361}},{"arcs":[[-37,-109,-296,-289,-295,-310,-315,318]],"type":"Polygon","properties":{"admin1_name":"Isiolo","admin1_pcode":"KE011","admin2_name":"Isiolo South","admin2_pcode":"KE011050","area_sqkm":10077.75656865,"gaul1_code":1361}},{"arcs":[[-136,319,320,321]],"type":"Polygon","properties":{"admin1_name":"Mombasa","admin1_pcode":"KE001","admin2_name":"Jomvu","admin2_pcode":"KE001002","area_sqkm":31.72088431,"gaul1_code":1380}},{"arcs":[[-253,322,323,324,325,326,-274,-256]],"type":"Polygon","properties":{"admin1_name":"Kiambu","admin1_pcode":"KE022","admin2_name":"Juja","admin2_pcode":"KE022113","area_sqkm":373.44339725,"gaul1_code":1365}},{"arcs":[[327,328,329,330]],"type":"Polygon","properties":{"admin1_name":"Kiambu","admin1_pcode":"KE022","admin2_name":"Kabete","admin2_pcode":"KE022119","area_sqkm":56.22026743,"gaul1_code":1365}},{"arcs":[[331,332,333,334,335,336,337]],"type":"Polygon","properties":{"admin1_name":"Homa Bay","admin1_pcode":"KE043","admin2_name":"Kabondo Kasipul","admin2_pcode":"KE043246","area_sqkm":246.91462395,"gaul1_code":1360}},{"arcs":[[338,339,340,341,342]],"type":"Polygon","properties":{"admin1_name":"Bungoma","admin1_pcode":"KE039","admin2_name":"Kabuchai","admin2_pcode":"KE039218","area_sqkm":233.74377968,"gaul1_code":1355}},{"arcs":[[343,344,345,346]],"type":"Polygon","properties":{"admin1_name":"West Pokot","admin1_pcode":"KE024","admin2_name":"Kacheliba","admin2_pcode":"KE024131","area_sqkm":4110.89768678,"gaul1_code":1399}},{"arcs":[[347,348,349,350]],"type":"Polygon","properties":{"admin1_name":"Makueni","admin1_pcode":"KE017","admin2_name":"Kaiti","admin2_pcode":"KE017085","area_sqkm":404.28631666,"gaul1_code":1375}},{"arcs":[[351,352,353,354]],"type":"Polygon","properties":{"admin1_name":"Kajiado","admin1_pcode":"KE034","admin2_name":"Kajiado Central","admin2_pcode":"KE034184","area_sqkm":4305.31694515,"gaul1_code":1362}},{"arcs":[[-352,355,356,357,358,359,360,361,362,363]],"type":"Polygon","properties":{"admin1_name":"Kajiado","admin1_pcode":"KE034","admin2_name":"Kajiado East","admin2_pcode":"KE034186","area_sqkm":3268.80370647,"gaul1_code":1362}},{"arcs":[[-357,364,365,366]],"type":"Polygon","properties":{"admin1_name":"Kajiado","admin1_pcode":"KE034","admin2_name":"Kajiado North","admin2_pcode":"KE034183","area_sqkm":112.40061641,"gaul1_code":1362}},{"arcs":[[-353,-364,367,368,369,370,371]],"type":"Polygon","properties":{"admin1_name":"Kajiado","admin1_pcode":"KE034","admin2_name":"Kajiado South","admin2_pcode":"KE034187","area_sqkm":6338.6708758,"gaul1_code":1362}},{"arcs":[[-355,372,373,374,375,376,377,-365,-356]],"type":"Polygon","properties":{"admin1_name":"Kajiado","admin1_pcode":"KE034","admin2_name":"Kajiado West","admin2_pcode":"KE034185","area_sqkm":7859.64807,"gaul1_code":1362}},{"arcs":[[-233,378,379,380]],"type":"Polygon","properties":{"admin1_name":"Kilifi","admin1_pcode":"KE003","admin2_name":"Kaloleni","admin2_pcode":"KE003013","area_sqkm":668.30555634,"gaul1_code":1366}},{"arcs":[[-191,381,382,383]],"type":"Polygon","properties":{"admin1_name":"Nairobi","admin1_pcode":"KE047","admin2_name":"Kamukunji","admin2_pcode":"KE047288","area_sqkm":8.8374547,"gaul1_code":1382}},{"arcs":[[-243,384,385]],"type":"Polygon","properties":{"admin1_name":"Murang'a","admin1_pcode":"KE021","admin2_name":"Kandara","admin2_pcode":"KE021109","area_sqkm":209.94400921,"gaul1_code":1381}},{"arcs":[[-99,386,-341,387,388,389]],"type":"Polygon","properties":{"admin1_name":"Bungoma","admin1_pcode":"KE039","admin2_name":"Kanduyi","admin2_pcode":"KE039220","area_sqkm":319.17920434,"gaul1_code":1355}},{"arcs":[[390,391,392,393,394]],"type":"Polygon","properties":{"admin1_name":"Murang'a","admin1_pcode":"KE021","admin2_name":"Kangema","admin2_pcode":"KE021104","area_sqkm":351.30774918,"gaul1_code":1381}},{"arcs":[[395,396,397]],"type":"Polygon","properties":{"admin1_name":"Machakos","admin1_pcode":"KE016","admin2_name":"Kangundo","admin2_pcode":"KE016077","area_sqkm":171.00529495,"gaul1_code":1374}},{"arcs":[[-144,398,-211,399,-345,400,401,402]],"type":"Polygon","properties":{"admin1_name":"West Pokot","admin1_pcode":"KE024","admin2_name":"Kapenguria","admin2_pcode":"KE024129","area_sqkm":1776.11668449,"gaul1_code":1399}},{"arcs":[[-4,403,-195,-146,404,405,406]],"type":"Polygon","properties":{"admin1_name":"Uasin Gishu","admin1_pcode":"KE027","admin2_name":"Kapseret","admin2_pcode":"KE027145","area_sqkm":357.16168393,"gaul1_code":1396}},{"arcs":[[-337,407,408,409,410,411,412]],"type":"Polygon","properties":{"admin1_name":"Homa Bay","admin1_pcode":"KE043","admin2_name":"Karachuonyo","admin2_pcode":"KE043247","area_sqkm":747.80754396,"gaul1_code":1360}},{"arcs":[[-176,-192,-185,413,414,415,416,417,-177]],"type":"Polygon","properties":{"admin1_name":"Nairobi","admin1_pcode":"KE047","admin2_name":"Kasarani","admin2_pcode":"KE047280","area_sqkm":136.27420691,"gaul1_code":1382}},{"arcs":[[-82,418,-408,-336,419,420]],"type":"Polygon","properties":{"admin1_name":"Homa Bay","admin1_pcode":"KE043","admin2_name":"Kasipul","admin2_pcode":"KE043245","area_sqkm":258.12024562,"gaul1_code":1360}},{"arcs":[[-397,421,422,423,424,425]],"type":"Polygon","properties":{"admin1_name":"Machakos","admin1_pcode":"KE016","admin2_name":"Kathiani","admin2_pcode":"KE016079","area_sqkm":206.01112188,"gaul1_code":1374}},{"arcs":[[-47,426,427,428]],"type":"Polygon","properties":{"admin1_name":"Elgeyo-Marakwet","admin1_pcode":"KE028","admin2_name":"Keiyo North","admin2_pcode":"KE028149","area_sqkm":541.85404119,"gaul1_code":1357}},{"arcs":[[-1,429,-427,-46,-43,430,-160]],"type":"Polygon","properties":{"admin1_name":"Elgeyo-Marakwet","admin1_pcode":"KE028","admin2_name":"Keiyo South","admin2_pcode":"KE028150","area_sqkm":886.31159151,"gaul1_code":1357}},{"arcs":[[-3,-166,431,432,433,-196,-404]],"type":"Polygon","properties":{"admin1_name":"Uasin Gishu","admin1_pcode":"KE027","admin2_name":"Kesses","admin2_pcode":"KE027146","area_sqkm":670.76295615,"gaul1_code":1396}},{"arcs":[[-115,434,-303,-202,-260]],"type":"Polygon","properties":{"admin1_name":"Kakamega","admin1_pcode":"KE037","admin2_name":"Khwisero","admin2_pcode":"KE037208","area_sqkm":144.41635742,"gaul1_code":1363}},{"arcs":[[-276,435,436,-328,437]],"type":"Polygon","properties":{"admin1_name":"Kiambu","admin1_pcode":"KE022","admin2_name":"Kiambaa","admin2_pcode":"KE022118","area_sqkm":88.66467395,"gaul1_code":1365}},{"arcs":[[-275,-327,438,439,-436]],"type":"Polygon","properties":{"admin1_name":"Kiambu","admin1_pcode":"KE022","admin2_name":"Kiambu","admin2_pcode":"KE022117","area_sqkm":97.99087486,"gaul1_code":1365}},{"arcs":[[-156,440,441,442]],"type":"Polygon","properties":{"admin1_name":"Nairobi","admin1_pcode":"KE047","admin2_name":"Kibra","admin2_pcode":"KE047278","area_sqkm":12.33031869,"gaul1_code":1382}},{"arcs":[[-369,443,444,445]],"type":"Polygon","properties":{"admin1_name":"Makueni","admin1_pcode":"KE017","admin2_name":"Kibwezi East","admin2_pcode":"KE017088","area_sqkm":2219.57368501,"gaul1_code":1375}},{"arcs":[[-363,446,447,-444,-368]],"type":"Polygon","properties":{"admin1_name":"Makueni","admin1_pcode":"KE017","admin2_name":"Kibwezi West","admin2_pcode":"KE017087","area_sqkm":1767.54482371,"gaul1_code":1375}},{"arcs":[[-126,448,449,450,451,452,453]],"type":"Polygon","properties":{"admin1_name":"Nyeri","admin1_pcode":"KE019","admin2_name":"Kieni","admin2_pcode":"KE019095","area_sqkm":1814.09699634,"gaul1_code":1388}},{"arcs":[[-251,454,-392,455,456,-385]],"type":"Polygon","properties":{"admin1_name":"Murang'a","admin1_pcode":"KE021","admin2_name":"Kigumo","admin2_pcode":"KE021107","area_sqkm":316.24222482,"gaul1_code":1381}},{"arcs":[[-391,457,458,459,460,-456]],"type":"Polygon","properties":{"admin1_name":"Murang'a","admin1_pcode":"KE021","admin2_name":"Kiharu","admin2_pcode":"KE021106","area_sqkm":305.68805263,"gaul1_code":1381}},{"arcs":[[-158,461,-366,-378,462,-330,463]],"type":"Polygon","properties":{"admin1_name":"Kiambu","admin1_pcode":"KE022","admin2_name":"Kikuyu","admin2_pcode":"KE022120","area_sqkm":174.30738296,"gaul1_code":1365}},{"arcs":[[-23,464,465,-66,-60,466,-204,-138,467,468,469,470,471]],"type":"Polygon","properties":{"admin1_name":"Narok","admin1_pcode":"KE033","admin2_name":"Kilgoris","admin2_pcode":"KE033177","area_sqkm":2538.86406698,"gaul1_code":1385}},{"arcs":[[-231,472,473,474]],"type":"Polygon","properties":{"admin1_name":"Kilifi","admin1_pcode":"KE003","admin2_name":"Kilifi North","admin2_pcode":"KE003011","area_sqkm":784.42581887,"gaul1_code":1366}},{"arcs":[[-232,-475,475,476,477,-379]],"type":"Polygon","properties":{"admin1_name":"Kilifi","admin1_pcode":"KE003","admin2_name":"Kilifi South","admin2_pcode":"KE003012","area_sqkm":424.28402133,"gaul1_code":1366}},{"arcs":[[-155,478,479,-441]],"type":"Polygon","properties":{"admin1_name":"Nairobi","admin1_pcode":"KE047","admin2_name":"Kilimani","admin2_pcode":"KE047275","area_sqkm":29.35572497,"gaul1_code":1382}},{"arcs":[[-349,480,-361,481]],"type":"Polygon","properties":{"admin1_name":"Makueni","admin1_pcode":"KE017","admin2_name":"Kilome","admin2_pcode":"KE017084","area_sqkm":823.2692932,"gaul1_code":1375}},{"arcs":[[-339,482,483,484,485,486,487]],"type":"Polygon","properties":{"admin1_name":"Bungoma","admin1_pcode":"KE039","admin2_name":"Kimilili","admin2_pcode":"KE039223","area_sqkm":177.41066899,"gaul1_code":1355}},{"arcs":[[-142,488,489,490,-485,491,492]],"type":"Polygon","properties":{"admin1_name":"Trans Nzoia","admin1_pcode":"KE026","admin2_name":"Kiminini","admin2_pcode":"KE026139","area_sqkm":368.62953475,"gaul1_code":1394}},{"arcs":[[-135,493,494,495,496,497,498,-234,-381,499]],"type":"Polygon","properties":{"admin1_name":"Kwale","admin1_pcode":"KE002","admin2_name":"Kinango","admin2_pcode":"KE002010","area_sqkm":4833.67523403,"gaul1_code":1371}},{"arcs":[[-250,500,501,502,503,-393,-455]],"type":"Polygon","properties":{"admin1_name":"Nyandarua","admin1_pcode":"KE018","admin2_name":"Kinangop","admin2_pcode":"KE018089","area_sqkm":538.88433737,"gaul1_code":1387}},{"arcs":[[-269,504,505,-452,506,507,-503,508]],"type":"Polygon","properties":{"admin1_name":"Nyandarua","admin1_pcode":"KE018","admin2_name":"Kipipiri","admin2_pcode":"KE018090","area_sqkm":941.17643752,"gaul1_code":1387}},{"arcs":[[-6,509,510,511,-432,-165,512,-55]],"type":"Polygon","properties":{"admin1_name":"Kericho","admin1_pcode":"KE035","admin2_name":"Kipkelion East","admin2_pcode":"KE035188","area_sqkm":752.44394006,"gaul1_code":1364}},{"arcs":[[-511,513,514]],"type":"Polygon","properties":{"admin1_name":"Kericho","admin1_pcode":"KE035","admin2_name":"Kipkelion West","admin2_pcode":"KE035189","area_sqkm":352.30309029,"gaul1_code":1364}},{"arcs":[[-265,515,516]],"type":"Polygon","properties":{"admin1_name":"Kirinyaga","admin1_pcode":"KE020","admin2_name":"Kirinyaga Central","admin2_pcode":"KE020103","area_sqkm":237.2704777,"gaul1_code":1367}},{"arcs":[[[-321,517,518]],[[-477,519,520,521,522]]],"type":"MultiPolygon","properties":{"admin1_name":"Mombasa","admin1_pcode":"KE001","admin2_name":"Kisauni","admin2_pcode":"KE001003","area_sqkm":89.52658136,"gaul1_code":1380}},{"arcs":[[523,524]],"type":"Polygon","properties":{"admin1_name":"Kisumu","admin1_pcode":"KE042","admin2_name":"Kisumu Central","admin2_pcode":"KE042240","area_sqkm":68.31264884,"gaul1_code":1369}},{"arcs":[[-13,525,526,-525,527]],"type":"Polygon","properties":{"admin1_name":"Kisumu","admin1_pcode":"KE042","admin2_name":"Kisumu East","admin2_pcode":"KE042238","area_sqkm":165.45258825,"gaul1_code":1369}},{"arcs":[[-14,-528,-524,528,529,530,-279]],"type":"Polygon","properties":{"admin1_name":"Kisumu","admin1_pcode":"KE042","admin2_name":"Kisumu West","admin2_pcode":"KE042239","area_sqkm":312.35593278,"gaul1_code":1369}},{"arcs":[[531,532,533,534]],"type":"Polygon","properties":{"admin1_name":"Kitui","admin1_pcode":"KE015","admin2_name":"Kitui Central","admin2_pcode":"KE015072","area_sqkm":728.55883756,"gaul1_code":1370}},{"arcs":[[-228,535,536,-535,537]],"type":"Polygon","properties":{"admin1_name":"Kitui","admin1_pcode":"KE015","admin2_name":"Kitui East","admin2_pcode":"KE015073","area_sqkm":4726.46461301,"gaul1_code":1370}},{"arcs":[[-532,-537,538,539,540,541,542,543,544]],"type":"Polygon","properties":{"admin1_name":"Kitui","admin1_pcode":"KE015","admin2_name":"Kitui Rural","admin2_pcode":"KE015071","area_sqkm":1529.26512984,"gaul1_code":1370}},{"arcs":[[-227,-242,545,-445,-448,546,-539,-536]],"type":"Polygon","properties":{"admin1_name":"Kitui","admin1_pcode":"KE015","admin2_name":"Kitui South","admin2_pcode":"KE015074","area_sqkm":12719.43998277,"gaul1_code":1370}},{"arcs":[[-533,-545,547]],"type":"Polygon","properties":{"admin1_name":"Kitui","admin1_pcode":"KE015","admin2_name":"Kitui West","admin2_pcode":"KE015070","area_sqkm":630.34320095,"gaul1_code":1370}},{"arcs":[[-335,548,549,550,-420]],"type":"Polygon","properties":{"admin1_name":"Kisii","admin1_pcode":"KE045","admin2_name":"Kitutu Chache North","admin2_pcode":"KE045268","area_sqkm":130.43131621,"gaul1_code":1368}},{"arcs":[[-83,-421,-551,551,552]],"type":"Polygon","properties":{"admin1_name":"Kisii","admin1_pcode":"KE045","admin2_name":"Kitutu Chache South","admin2_pcode":"KE045269","area_sqkm":97.57301159,"gaul1_code":1368}},{"arcs":[[-94,553,554,-552,-550,555]],"type":"Polygon","properties":{"admin1_name":"Nyamira","admin1_pcode":"KE046","admin2_name":"Kitutu Masaba","admin2_pcode":"KE046270","area_sqkm":253.70038283,"gaul1_code":1386}},{"arcs":[[-57,556,557,558,559,-74,560,-110]],"type":"Polygon","properties":{"admin1_name":"Bomet","admin1_pcode":"KE036","admin2_name":"Konoin","admin2_pcode":"KE036198","area_sqkm":851.37474055,"gaul1_code":1354}},{"arcs":[[-56,-513,-164,561,562,-557]],"type":"Polygon","properties":{"admin1_name":"Nakuru","admin1_pcode":"KE032","admin2_name":"Kuresoi North","admin2_pcode":"KE032171","area_sqkm":611.46462477,"gaul1_code":1383}},{"arcs":[[-558,-563,563,564]],"type":"Polygon","properties":{"admin1_name":"Nakuru","admin1_pcode":"KE032","admin2_name":"Kuresoi South","admin2_pcode":"KE032170","area_sqkm":524.93261627,"gaul1_code":1383}},{"arcs":[[-470,565,566,567]],"type":"Polygon","properties":{"admin1_name":"Migori","admin1_pcode":"KE044","admin2_name":"Kuria East","admin2_pcode":"KE044260","area_sqkm":238.23967951,"gaul1_code":1379}},{"arcs":[[-567,568,569,570]],"type":"Polygon","properties":{"admin1_name":"Migori","admin1_pcode":"KE044","admin2_name":"Kuria West","admin2_pcode":"KE044259","area_sqkm":341.80847209,"gaul1_code":1379}},{"arcs":[[-143,-493,571,-207,-399]],"type":"Polygon","properties":{"admin1_name":"Trans Nzoia","admin1_pcode":"KE026","admin2_name":"Kwanza","admin2_pcode":"KE026136","area_sqkm":464.80596041,"gaul1_code":1394}},{"arcs":[[572,573,574,575,576]],"type":"Polygon","properties":{"admin1_name":"Mandera","admin1_pcode":"KE009","admin2_name":"Lafey","admin2_pcode":"KE009044","area_sqkm":3543.55037513,"gaul1_code":1376}},{"arcs":[[-38,-319,577,-150]],"type":"Polygon","properties":{"admin1_name":"Garissa","admin1_pcode":"KE007","admin2_name":"Lagdera","admin2_pcode":"KE007029","area_sqkm":6453.81086357,"gaul1_code":1359}},{"arcs":[[-52,578,579,580,581,582,583]],"type":"Polygon","properties":{"admin1_name":"Laikipia","admin1_pcode":"KE031","admin2_name":"Laikipia East","admin2_pcode":"KE031164","area_sqkm":3222.26016449,"gaul1_code":1372}},{"arcs":[[-128,584,-580,585,586,-307]],"type":"Polygon","properties":{"admin1_name":"Laikipia","admin1_pcode":"KE031","admin2_name":"Laikipia North","admin2_pcode":"KE031165","area_sqkm":4916.20032584,"gaul1_code":1372}},{"arcs":[[-127,-454,587,-581,-585]],"type":"Polygon","properties":{"admin1_name":"Laikipia","admin1_pcode":"KE031","admin2_name":"Laikipia West","admin2_pcode":"KE031163","area_sqkm":1398.45986962,"gaul1_code":1372}},{"arcs":[[-317,588,589,590,591,592,593,594]],"type":"Polygon","properties":{"admin1_name":"Marsabit","admin1_pcode":"KE010","admin2_name":"Laisamis","admin2_pcode":"KE010048","area_sqkm":24080.25900444,"gaul1_code":1377}},{"arcs":[[[-301,595,596]],[[597]],[[598]]],"type":"MultiPolygon","properties":{"admin1_name":"Lamu","admin1_pcode":"KE005","admin2_name":"Lamu East","admin2_pcode":"KE005021","area_sqkm":2153.48293493,"gaul1_code":1373}},{"arcs":[[[-238,-302,-597,599]],[[600]],[[601]]],"type":"MultiPolygon","properties":{"admin1_name":"Lamu","admin1_pcode":"KE005","admin2_name":"Lamu West","admin2_pcode":"KE005022","area_sqkm":3893.53866231,"gaul1_code":1373}},{"arcs":[[-157,-443,602,-187,603,-358,-367,-462]],"type":"Polygon","properties":{"admin1_name":"Nairobi","admin1_pcode":"KE047","admin2_name":"Langata","admin2_pcode":"KE047277","area_sqkm":209.80909658,"gaul1_code":1382}},{"arcs":[[-249,-255,-258,-278,604,605,-501]],"type":"Polygon","properties":{"admin1_name":"Kiambu","admin1_pcode":"KE022","admin2_name":"Lari","admin2_pcode":"KE022122","area_sqkm":465.93739853,"gaul1_code":1365}},{"arcs":[[606,607]],"type":"Polygon","properties":{"admin1_name":"Mombasa","admin1_pcode":"KE001","admin2_name":"Likoni","admin2_pcode":"KE001005","area_sqkm":52.07635363,"gaul1_code":1380}},{"arcs":[[-490,608,609,610,611]],"type":"Polygon","properties":{"admin1_name":"Kakamega","admin1_pcode":"KE037","admin2_name":"Likuyani","admin2_pcode":"KE037200","area_sqkm":301.2480612,"gaul1_code":1363}},{"arcs":[[-277,-438,-331,-463,-377,612,-605]],"type":"Polygon","properties":{"admin1_name":"Kiambu","admin1_pcode":"KE022","admin2_name":"Limuru","admin2_pcode":"KE022121","area_sqkm":284.96603698,"gaul1_code":1365}},{"arcs":[[-347,613,614,615,616,617]],"type":"Polygon","properties":{"admin1_name":"Turkana","admin1_pcode":"KE023","admin2_name":"Loima","admin2_pcode":"KE023126","area_sqkm":9746.04173694,"gaul1_code":1395}},{"arcs":[[-200,618,-530,619,-261]],"type":"Polygon","properties":{"admin1_name":"Vihiga","admin1_pcode":"KE038","admin2_name":"Luanda","admin2_pcode":"KE038214","area_sqkm":83.6174649,"gaul1_code":1397}},{"arcs":[[-611,620,621,622,623,624,625]],"type":"Polygon","properties":{"admin1_name":"Kakamega","admin1_pcode":"KE037","admin2_name":"Lugari","admin2_pcode":"KE037199","area_sqkm":367.77067673,"gaul1_code":1363}},{"arcs":[[[-496,626,627,628]],[[629]],[[630]],[[631]],[[632]]],"type":"MultiPolygon","properties":{"admin1_name":"Kwale","admin1_pcode":"KE002","admin2_name":"Lunga Lunga","admin2_pcode":"KE002008","area_sqkm":2018.80227785,"gaul1_code":1371}},{"arcs":[[-114,633,634,635,636,-304,-435]],"type":"Polygon","properties":{"admin1_name":"Kakamega","admin1_pcode":"KE037","admin2_name":"Lurambi","admin2_pcode":"KE037202","area_sqkm":161.69211736,"gaul1_code":1363}},{"arcs":[[637,638,639]],"type":"Polygon","properties":{"admin1_name":"Tharaka-Nithi","admin1_pcode":"KE013","admin2_name":"Maara","admin2_pcode":"KE013061","area_sqkm":504.87742252,"gaul1_code":1393}},{"arcs":[[-350,-482,-360,640,-424,641]],"type":"Polygon","properties":{"admin1_name":"Machakos","admin1_pcode":"KE016","admin2_name":"Machakos Town","admin2_pcode":"KE016081","area_sqkm":757.05682377,"gaul1_code":1374}},{"arcs":[[-236,642,-240,643,644]],"type":"Polygon","properties":{"admin1_name":"Kilifi","admin1_pcode":"KE003","admin2_name":"Magarini","admin2_pcode":"KE003017","area_sqkm":6977.00857145,"gaul1_code":1366}},{"arcs":[[-180,-189,645,-382,-190]],"type":"Polygon","properties":{"admin1_name":"Nairobi","admin1_pcode":"KE047","admin2_name":"Makadara","admin2_pcode":"KE047287","area_sqkm":11.99723439,"gaul1_code":1382}},{"arcs":[[-348,646,-540,-547,-447,-362,-481]],"type":"Polygon","properties":{"admin1_name":"Makueni","admin1_pcode":"KE017","admin2_name":"Makueni","admin2_pcode":"KE017086","area_sqkm":1979.75582989,"gaul1_code":1375}},{"arcs":[[-622,647,648,649,-636,650]],"type":"Polygon","properties":{"admin1_name":"Kakamega","admin1_pcode":"KE037","admin2_name":"Malava","admin2_pcode":"KE037201","area_sqkm":422.95850313,"gaul1_code":1363}},{"arcs":[[-230,-645,651,-473]],"type":"Polygon","properties":{"admin1_name":"Kilifi","admin1_pcode":"KE003","admin2_name":"Malindi","admin2_pcode":"KE003016","area_sqkm":576.75761377,"gaul1_code":1366}},{"arcs":[[-577,652]],"type":"Polygon","properties":{"admin1_name":"Mandera","admin1_pcode":"KE009","admin2_name":"Mandera East","admin2_pcode":"KE009043","area_sqkm":2551.35587059,"gaul1_code":1376}},{"arcs":[[-39,653,-575,654,655]],"type":"Polygon","properties":{"admin1_name":"Mandera","admin1_pcode":"KE009","admin2_name":"Mandera North","admin2_pcode":"KE009041","area_sqkm":6129.76585199,"gaul1_code":1376}},{"arcs":[[-574,656,657,658,659,-655]],"type":"Polygon","properties":{"admin1_name":"Mandera","admin1_pcode":"KE009","admin2_name":"Mandera South","admin2_pcode":"KE009042","area_sqkm":5541.34174917,"gaul1_code":1376}},{"arcs":[[-40,-656,-660,660,661]],"type":"Polygon","properties":{"admin1_name":"Mandera","admin1_pcode":"KE009","admin2_name":"Mandera West","admin2_pcode":"KE009039","area_sqkm":5174.64427828,"gaul1_code":1376}},{"arcs":[[-223,662,-266,663,664]],"type":"Polygon","properties":{"admin1_name":"Embu","admin1_pcode":"KE014","admin2_name":"Manyatta","admin2_pcode":"KE014063","area_sqkm":358.12934808,"gaul1_code":1358}},{"arcs":[[-244,-386,-457,-461,665,666]],"type":"Polygon","properties":{"admin1_name":"Murang'a","admin1_pcode":"KE021","admin2_name":"Maragwa","admin2_pcode":"KE021108","area_sqkm":461.98392841,"gaul1_code":1381}},{"arcs":[[667,668,669,670]],"type":"Polygon","properties":{"admin1_name":"Elgeyo-Marakwet","admin1_pcode":"KE028","admin2_name":"Marakwet East","admin2_pcode":"KE028147","area_sqkm":810.53666154,"gaul1_code":1357}},{"arcs":[[-48,-429,671,672,-145,673,-668,674]],"type":"Polygon","properties":{"admin1_name":"Elgeyo-Marakwet","admin1_pcode":"KE028","admin2_name":"Marakwet West","admin2_pcode":"KE028148","area_sqkm":769.68888941,"gaul1_code":1357}},{"arcs":[[-220,675,-544,676,-245,-667]],"type":"Polygon","properties":{"admin1_name":"Machakos","admin1_pcode":"KE016","admin2_name":"Masinga","admin2_pcode":"KE016075","area_sqkm":1406.42807994,"gaul1_code":1374}},{"arcs":[[-121,-216,677,678,679]],"type":"Polygon","properties":{"admin1_name":"Busia","admin1_pcode":"KE040","admin2_name":"Matayos","admin2_pcode":"KE040228","area_sqkm":193.92215246,"gaul1_code":1356}},{"arcs":[[-183,-384,680,681,682,683]],"type":"Polygon","properties":{"admin1_name":"Nairobi","admin1_pcode":"KE047","admin2_name":"Mathare","admin2_pcode":"KE047290","area_sqkm":2.90283576,"gaul1_code":1382}},{"arcs":[[-395,684,685,-458]],"type":"Polygon","properties":{"admin1_name":"Murang'a","admin1_pcode":"KE021","admin2_name":"Mathioya","admin2_pcode":"KE021105","area_sqkm":279.71824441,"gaul1_code":1381}},{"arcs":[[-449,686,687,688,689]],"type":"Polygon","properties":{"admin1_name":"Nyeri","admin1_pcode":"KE019","admin2_name":"Mathira","admin2_pcode":"KE019096","area_sqkm":457.95821894,"gaul1_code":1388}},{"arcs":[[-495,690,-607,691,692,-627]],"type":"Polygon","properties":{"admin1_name":"Kwale","admin1_pcode":"KE002","admin2_name":"Matuga","admin2_pcode":"KE002009","area_sqkm":1053.85208386,"gaul1_code":1371}},{"arcs":[[-100,-390,693,694,695,696,-119,697]],"type":"Polygon","properties":{"admin1_name":"Kakamega","admin1_pcode":"KE037","admin2_name":"Matungu","admin2_pcode":"KE037206","area_sqkm":277.81050403,"gaul1_code":1363}},{"arcs":[[-324,698,699,700,-398,-426,701,-417,702]],"type":"Polygon","properties":{"admin1_name":"Machakos","admin1_pcode":"KE016","admin2_name":"Matungulu","admin2_pcode":"KE016078","area_sqkm":581.41586151,"gaul1_code":1374}},{"arcs":[[-178,-418,-702,-425,-641,-359,-604,-186]],"type":"Polygon","properties":{"admin1_name":"Machakos","admin1_pcode":"KE016","admin2_name":"Mavoko","admin2_pcode":"KE016080","area_sqkm":842.567792,"gaul1_code":1374}},{"arcs":[[-351,-642,-423,703,-541,-647]],"type":"Polygon","properties":{"admin1_name":"Makueni","admin1_pcode":"KE017","admin2_name":"Mbooni","admin2_pcode":"KE017083","area_sqkm":980.42325517,"gaul1_code":1375}},{"arcs":[[-42,-54,704,705,-161,-431]],"type":"Polygon","properties":{"admin1_name":"Baringo","admin1_pcode":"KE030","admin2_name":"Mogotio","admin2_pcode":"KE030161","area_sqkm":1387.78053879,"gaul1_code":1353}},{"arcs":[[-5,-407,706,707,-672,-428,-430]],"type":"Polygon","properties":{"admin1_name":"Uasin Gishu","admin1_pcode":"KE027","admin2_name":"Moiben","admin2_pcode":"KE027143","area_sqkm":775.85033114,"gaul1_code":1396}},{"arcs":[[-163,708,709,710,-564,-562]],"type":"Polygon","properties":{"admin1_name":"Nakuru","admin1_pcode":"KE032","admin2_name":"Molo","admin2_pcode":"KE032166","area_sqkm":511.1366102,"gaul1_code":1383}},{"arcs":[[-149,711,-649,712,-405]],"type":"Polygon","properties":{"admin1_name":"Nandi","admin1_pcode":"KE029","admin2_name":"Mosop","admin2_pcode":"KE029156","area_sqkm":584.29753449,"gaul1_code":1384}},{"arcs":[[-172,713,714,715]],"type":"Polygon","properties":{"admin1_name":"Marsabit","admin1_pcode":"KE010","admin2_name":"Moyale","admin2_pcode":"KE010045","area_sqkm":9343.76584728,"gaul1_code":1377}},{"arcs":[[-628,-693,716]],"type":"Polygon","properties":{"admin1_name":"Kwale","admin1_pcode":"KE002","admin2_name":"Msambweni","admin2_pcode":"KE002007","area_sqkm":359.69657845,"gaul1_code":1371}},{"arcs":[[-209,717,-483,-343,718,719]],"type":"Polygon","properties":{"admin1_name":"Bungoma","admin1_pcode":"KE039","admin2_name":"Mt. Elgon","admin2_pcode":"KE039216","area_sqkm":954.89942907,"gaul1_code":1355}},{"arcs":[[-9,720,721,-526,-12,722,-514,-510]],"type":"Polygon","properties":{"admin1_name":"Kisumu","admin1_pcode":"KE042","admin2_name":"Muhoroni","admin2_pcode":"KE042243","area_sqkm":664.18695354,"gaul1_code":1369}},{"arcs":[[-459,-686,723,724,-688,725]],"type":"Polygon","properties":{"admin1_name":"Nyeri","admin1_pcode":"KE019","admin2_name":"Mukurweni","admin2_pcode":"KE019098","area_sqkm":178.35896515,"gaul1_code":1388}},{"arcs":[[-113,726,-695,727,-634]],"type":"Polygon","properties":{"admin1_name":"Kakamega","admin1_pcode":"KE037","admin2_name":"Mumias East","admin2_pcode":"KE037205","area_sqkm":174.96988208,"gaul1_code":1363}},{"arcs":[[-118,728,729,-696,-727]],"type":"Polygon","properties":{"admin1_name":"Kakamega","admin1_pcode":"KE037","admin2_name":"Mumias West","admin2_pcode":"KE037204","area_sqkm":138.33548583,"gaul1_code":1363}},{"arcs":[[730]],"type":"Polygon","properties":{"admin1_name":"Mombasa","admin1_pcode":"KE001","admin2_name":"Mvita","admin2_pcode":"KE001006","area_sqkm":14.71895865,"gaul1_code":1380}},{"arcs":[[-396,-701,731,-542,-704,-422]],"type":"Polygon","properties":{"admin1_name":"Machakos","admin1_pcode":"KE016","admin2_name":"Mwala","admin2_pcode":"KE016082","area_sqkm":1018.84002522,"gaul1_code":1374}},{"arcs":[[-498,732,733,734,735]],"type":"Polygon","properties":{"admin1_name":"Taita Taveta","admin1_pcode":"KE006","admin2_name":"Mwatate","admin2_pcode":"KE006025","area_sqkm":3691.54930728,"gaul1_code":1391}},{"arcs":[[-222,736,-516,-264,-663]],"type":"Polygon","properties":{"admin1_name":"Kirinyaga","admin1_pcode":"KE020","admin2_name":"Mwea","admin2_pcode":"KE020100","area_sqkm":432.50622431,"gaul1_code":1367}},{"arcs":[[-107,-229,-538,737,738]],"type":"Polygon","properties":{"admin1_name":"Kitui","admin1_pcode":"KE015","admin2_name":"Mwingi East","admin2_pcode":"KE015069","area_sqkm":4244.86494968,"gaul1_code":1370}},{"arcs":[[-108,-739,739,-218,740,741,-297]],"type":"Polygon","properties":{"admin1_name":"Kitui","admin1_pcode":"KE015","admin2_name":"Mwingi North","admin2_pcode":"KE015067","area_sqkm":4697.32084279,"gaul1_code":1370}},{"arcs":[[-219,-740,-738,-534,-548,-676]],"type":"Polygon","properties":{"admin1_name":"Kitui","admin1_pcode":"KE015","admin2_name":"Mwingi West","admin2_pcode":"KE015068","area_sqkm":1180.62622373,"gaul1_code":1370}},{"arcs":[[-270,-509,-502,-606,-613,-376,742,743]],"type":"Polygon","properties":{"admin1_name":"Nakuru","admin1_pcode":"KE032","admin2_name":"Naivasha","admin2_pcode":"KE032168","area_sqkm":1721.77461041,"gaul1_code":1383}},{"arcs":[[-29,-273,744,745]],"type":"Polygon","properties":{"admin1_name":"Nakuru","admin1_pcode":"KE032","admin2_name":"Nakuru Town East","admin2_pcode":"KE032176","area_sqkm":157.40521503,"gaul1_code":1383}},{"arcs":[[-30,-746,746,747]],"type":"Polygon","properties":{"admin1_name":"Nakuru","admin1_pcode":"KE032","admin2_name":"Nakuru Town West","admin2_pcode":"KE032175","area_sqkm":139.89161718,"gaul1_code":1383}},{"arcs":[[-101,-698,-122,-680,748,749]],"type":"Polygon","properties":{"admin1_name":"Busia","admin1_pcode":"KE040","admin2_name":"Nambale","admin2_pcode":"KE040227","area_sqkm":232.33592381,"gaul1_code":1356}},{"arcs":[[-10,-197,-434,750]],"type":"Polygon","properties":{"admin1_name":"Nandi","admin1_pcode":"KE029","admin2_name":"Nandi Hills","admin2_pcode":"KE029153","area_sqkm":393.07995608,"gaul1_code":1384}},{"arcs":[[-375,751,752,-743]],"type":"Polygon","properties":{"admin1_name":"Narok","admin1_pcode":"KE033","admin2_name":"Narok East","admin2_pcode":"KE033180","area_sqkm":2046.7679606,"gaul1_code":1385}},{"arcs":[[-271,-744,-753,753,-559,-565,-711,754]],"type":"Polygon","properties":{"admin1_name":"Narok","admin1_pcode":"KE033","admin2_name":"Narok North","admin2_pcode":"KE033179","area_sqkm":2723.42562322,"gaul1_code":1385}},{"arcs":[[-75,-560,-754,-752,-374,755,756,-76]],"type":"Polygon","properties":{"admin1_name":"Narok","admin1_pcode":"KE033","admin2_name":"Narok South","admin2_pcode":"KE033181","area_sqkm":4831.42004724,"gaul1_code":1385}},{"arcs":[[-77,-757,757,-468,-137]],"type":"Polygon","properties":{"admin1_name":"Narok","admin1_pcode":"KE033","admin2_name":"Narok West","admin2_pcode":"KE033182","area_sqkm":5446.62878001,"gaul1_code":1385}},{"arcs":[[-389,758,-623,-651,-635,-728,-694]],"type":"Polygon","properties":{"admin1_name":"Kakamega","admin1_pcode":"KE037","admin2_name":"Navakholo","admin2_pcode":"KE037203","area_sqkm":257.41824212,"gaul1_code":1363}},{"arcs":[[-453,-506,759,760,-582,-588]],"type":"Polygon","properties":{"admin1_name":"Nyandarua","admin1_pcode":"KE018","admin2_name":"Ndaragwa","admin2_pcode":"KE018093","area_sqkm":874.08576967,"gaul1_code":1387}},{"arcs":[[-25,761,762,763,764,-285,765]],"type":"Polygon","properties":{"admin1_name":"Homa Bay","admin1_pcode":"KE043","admin2_name":"Ndhiwa","admin2_pcode":"KE043250","area_sqkm":695.40308063,"gaul1_code":1360}},{"arcs":[[-221,-666,-460,-726,-687,-517,-737]],"type":"Polygon","properties":{"admin1_name":"Kirinyaga","admin1_pcode":"KE020","admin2_name":"Ndia","admin2_pcode":"KE020102","area_sqkm":338.3891408,"gaul1_code":1367}},{"arcs":[[-639,766,767,768]],"type":"Polygon","properties":{"admin1_name":"Tharaka-Nithi","admin1_pcode":"KE013","admin2_name":"Nithi","admin2_pcode":"KE013060","area_sqkm":598.15907511,"gaul1_code":1393}},{"arcs":[[-272,-755,-710,769,-747,-745]],"type":"Polygon","properties":{"admin1_name":"Nakuru","admin1_pcode":"KE032","admin2_name":"Njoro","admin2_pcode":"KE032167","area_sqkm":782.5006151,"gaul1_code":1383}},{"arcs":[[-171,-318,-595,770,-593,771,772,773,-714]],"type":"Polygon","properties":{"admin1_name":"Marsabit","admin1_pcode":"KE010","admin2_name":"North Horr","admin2_pcode":"KE010046","area_sqkm":40557.27319193,"gaul1_code":1377}},{"arcs":[[-124,774,775,-130]],"type":"Polygon","properties":{"admin1_name":"Meru","admin1_pcode":"KE012","admin2_name":"North Imenti","admin2_pcode":"KE012056","area_sqkm":301.98285266,"gaul1_code":1378}},{"arcs":[[-96,776,-333,777]],"type":"Polygon","properties":{"admin1_name":"Nyamira","admin1_pcode":"KE046","admin2_name":"North Mugirango","admin2_pcode":"KE046272","area_sqkm":170.34844557,"gaul1_code":1386}},{"arcs":[[-338,-413,778,779]],"type":"Polygon","properties":{"admin1_name":"Kisumu","admin1_pcode":"KE042","admin2_name":"Nyakach","admin2_pcode":"KE042244","area_sqkm":402.5355251,"gaul1_code":1369}},{"arcs":[[-521,780]],"type":"Polygon","properties":{"admin1_name":"Mombasa","admin1_pcode":"KE001","admin2_name":"Nyali","admin2_pcode":"KE001004","area_sqkm":22.80051151,"gaul1_code":1380}},{"arcs":[[-412,781,-527,-722,782,-779]],"type":"Polygon","properties":{"admin1_name":"Kisumu","admin1_pcode":"KE042","admin2_name":"Nyando","admin2_pcode":"KE042242","area_sqkm":603.08903028,"gaul1_code":1369}},{"arcs":[[-64,-84,-553,-555,783]],"type":"Polygon","properties":{"admin1_name":"Kisii","admin1_pcode":"KE045","admin2_name":"Nyaribari Chache","admin2_pcode":"KE045267","area_sqkm":135.95445101,"gaul1_code":1368}},{"arcs":[[-65,-784,-554,-93,-205,-467]],"type":"Polygon","properties":{"admin1_name":"Kisii","admin1_pcode":"KE045","admin2_name":"Nyaribari Masaba","admin2_pcode":"KE045266","area_sqkm":159.17225598,"gaul1_code":1368}},{"arcs":[[-763,784,785,786,787,788]],"type":"Polygon","properties":{"admin1_name":"Migori","admin1_pcode":"KE044","admin2_name":"Nyatike","admin2_pcode":"KE044258","area_sqkm":1214.09404956,"gaul1_code":1379}},{"arcs":[[-450,-690,789]],"type":"Polygon","properties":{"admin1_name":"Nyeri","admin1_pcode":"KE019","admin2_name":"Nyeri Town","admin2_pcode":"KE019099","area_sqkm":169.19463615,"gaul1_code":1388}},{"arcs":[[-27,790,-583,-761,791,-267]],"type":"Polygon","properties":{"admin1_name":"Nyandarua","admin1_pcode":"KE018","admin2_name":"Ol Jorok","admin2_pcode":"KE018092","area_sqkm":625.3801669,"gaul1_code":1387}},{"arcs":[[-268,-792,-760,-505]],"type":"Polygon","properties":{"admin1_name":"Nyandarua","admin1_pcode":"KE018","admin2_name":"Ol Kalou","admin2_pcode":"KE018091","area_sqkm":287.19919837,"gaul1_code":1387}},{"arcs":[[-394,-504,-508,792,-724,-685]],"type":"Polygon","properties":{"admin1_name":"Nyeri","admin1_pcode":"KE019","admin2_name":"Othaya","admin2_pcode":"KE019097","area_sqkm":356.44998757,"gaul1_code":1388}},{"arcs":[[-403,793,-669,-674]],"type":"Polygon","properties":{"admin1_name":"West Pokot","admin1_pcode":"KE024","admin2_name":"Pokot South","admin2_pcode":"KE024132","area_sqkm":1267.74716967,"gaul1_code":1399}},{"arcs":[[-320,-500,-380,-478,-523,794,-518]],"type":"Polygon","properties":{"admin1_name":"Kilifi","admin1_pcode":"KE003","admin2_name":"Rabai","admin2_pcode":"KE003014","area_sqkm":233.9353371,"gaul1_code":1366}},{"arcs":[[-81,795,-288,796,-409,-419]],"type":"Polygon","properties":{"admin1_name":"Homa Bay","admin1_pcode":"KE043","admin2_name":"Rangwe","admin2_pcode":"KE043248","area_sqkm":290.7323395,"gaul1_code":1360}},{"arcs":[[-86,-263,797,-410,-797,-287,798]],"type":"Polygon","properties":{"admin1_name":"Siaya","admin1_pcode":"KE041","admin2_name":"Rarieda","admin2_pcode":"KE041237","area_sqkm":679.163389,"gaul1_code":1390}},{"arcs":[[-31,-748,-770,-709,-162,-706,799]],"type":"Polygon","properties":{"admin1_name":"Nakuru","admin1_pcode":"KE032","admin2_name":"Rongai","admin2_pcode":"KE032173","area_sqkm":1021.44930788,"gaul1_code":1383}},{"arcs":[[-26,-766,-284,-796,-80,800,-465]],"type":"Polygon","properties":{"admin1_name":"Migori","admin1_pcode":"KE044","admin2_name":"Rongo","admin2_pcode":"KE044253","area_sqkm":212.57939756,"gaul1_code":1379}},{"arcs":[[-326,801,-415,802,-683,803,-439]],"type":"Polygon","properties":{"admin1_name":"Nairobi","admin1_pcode":"KE047","admin2_name":"Roysambu","admin2_pcode":"KE047279","area_sqkm":48.10435805,"gaul1_code":1382}},{"arcs":[[-184,-684,-803,-414]],"type":"Polygon","properties":{"admin1_name":"Nairobi","admin1_pcode":"KE047","admin2_name":"Ruaraka","admin2_pcode":"KE047281","area_sqkm":7.17967253,"gaul1_code":1382}},{"arcs":[[-325,-703,-416,-802]],"type":"Polygon","properties":{"admin1_name":"Kiambu","admin1_pcode":"KE022","admin2_name":"Ruiru","admin2_pcode":"KE022115","area_sqkm":153.11843811,"gaul1_code":1365}},{"arcs":[[-664,-769,804]],"type":"Polygon","properties":{"admin1_name":"Embu","admin1_pcode":"KE014","admin2_name":"Runyenjes","admin2_pcode":"KE014064","area_sqkm":371.82964798,"gaul1_code":1358}},{"arcs":[[-198,-306,-281,805]],"type":"Polygon","properties":{"admin1_name":"Vihiga","admin1_pcode":"KE038","admin2_name":"Sabatia","admin2_pcode":"KE038212","area_sqkm":111.48944961,"gaul1_code":1397}},{"arcs":[[-208,-572,-492,-484,-718]],"type":"Polygon","properties":{"admin1_name":"Trans Nzoia","admin1_pcode":"KE026","admin2_name":"Saboti","admin2_pcode":"KE026138","area_sqkm":354.81144585,"gaul1_code":1394}},{"arcs":[[-594,-771]],"type":"Polygon","properties":{"admin1_name":"Marsabit","admin1_pcode":"KE010","admin2_name":"Saku","admin2_pcode":"KE010047","area_sqkm":2046.53834899,"gaul1_code":1377}},{"arcs":[[-316,-309,806,807,-589]],"type":"Polygon","properties":{"admin1_name":"Samburu","admin1_pcode":"KE025","admin2_name":"Samburu East","admin2_pcode":"KE025135","area_sqkm":10059.12548055,"gaul1_code":1389}},{"arcs":[[-590,-808,808,809]],"type":"Polygon","properties":{"admin1_name":"Samburu","admin1_pcode":"KE025","admin2_name":"Samburu North","admin2_pcode":"KE025134","area_sqkm":8480.79535328,"gaul1_code":1389}},{"arcs":[[-308,-587,810,811,-809,-807]],"type":"Polygon","properties":{"admin1_name":"Samburu","admin1_pcode":"KE025","admin2_name":"Samburu West","admin2_pcode":"KE025133","area_sqkm":2475.74881153,"gaul1_code":1389}},{"arcs":[[-262,-620,-529,-782,-411,-798]],"type":"Polygon","properties":{"admin1_name":"Kisumu","admin1_pcode":"KE042","admin2_name":"Seme","admin2_pcode":"KE042241","area_sqkm":449.10336962,"gaul1_code":1369}},{"arcs":[[-148,-194,-283,-305,-637,-650,-712]],"type":"Polygon","properties":{"admin1_name":"Kakamega","admin1_pcode":"KE037","admin2_name":"Shinyalu","admin2_pcode":"KE037209","area_sqkm":408.33667337,"gaul1_code":1363}},{"arcs":[[-224,-665,-805,-768,812,-741]],"type":"Polygon","properties":{"admin1_name":"Embu","admin1_pcode":"KE014","admin2_name":"Siakago","admin2_pcode":"KE014066","area_sqkm":770.40198798,"gaul1_code":1358}},{"arcs":[[-402,813,814,815,-670,-794]],"type":"Polygon","properties":{"admin1_name":"West Pokot","admin1_pcode":"KE024","admin2_name":"Sigor","admin2_pcode":"KE024130","area_sqkm":2150.74853342,"gaul1_code":1399}},{"arcs":[[-8,-59,-112,-90,-778,-332,-780,-783,-721]],"type":"Polygon","properties":{"admin1_name":"Kericho","admin1_pcode":"KE035","admin2_name":"Sigowet/Soin","admin2_pcode":"KE035193","area_sqkm":464.38327966,"gaul1_code":1364}},{"arcs":[[-103,816,817,-719,-342,-387]],"type":"Polygon","properties":{"admin1_name":"Bungoma","admin1_pcode":"KE039","admin2_name":"Sirisia","admin2_pcode":"KE039217","area_sqkm":210.14298645,"gaul1_code":1355}},{"arcs":[[-73,-140,-206,-92,-111,-561]],"type":"Polygon","properties":{"admin1_name":"Bomet","admin1_pcode":"KE036","admin2_name":"Sotik","admin2_pcode":"KE036194","area_sqkm":475.53823377,"gaul1_code":1354}},{"arcs":[[-132,818,-640]],"type":"Polygon","properties":{"admin1_name":"Meru","admin1_pcode":"KE012","admin2_name":"South Imenti","admin2_pcode":"KE012059","area_sqkm":661.7099844,"gaul1_code":1378}},{"arcs":[[-67,-466,-801,-79,-69]],"type":"Polygon","properties":{"admin1_name":"Kisii","admin1_pcode":"KE045","admin2_name":"South Mugirango","admin2_pcode":"KE045262","area_sqkm":207.4239243,"gaul1_code":1368}},{"arcs":[[-141,-673,-708,819,-609,-489]],"type":"Polygon","properties":{"admin1_name":"Uasin Gishu","admin1_pcode":"KE027","admin2_name":"Soy","admin2_pcode":"KE027141","area_sqkm":655.44441581,"gaul1_code":1396}},{"arcs":[[-188,-603,-442,-480,820,-681,-383,-646]],"type":"Polygon","properties":{"admin1_name":"Nairobi","admin1_pcode":"KE047","admin2_name":"Starehe","admin2_pcode":"KE047289","area_sqkm":16.83635222,"gaul1_code":1382}},{"arcs":[[-87,-799,-286,-765,821,822]],"type":"Polygon","properties":{"admin1_name":"Homa Bay","admin1_pcode":"KE043","admin2_name":"Suba North","admin2_pcode":"KE043251","area_sqkm":1050.86783277,"gaul1_code":1360}},{"arcs":[[-764,-789,823,-822]],"type":"Polygon","properties":{"admin1_name":"Homa Bay","admin1_pcode":"KE043","admin2_name":"Suba South","admin2_pcode":"KE043252","area_sqkm":1173.04812285,"gaul1_code":1360}},{"arcs":[[-32,-800,-705,-53,-584,-791]],"type":"Polygon","properties":{"admin1_name":"Nakuru","admin1_pcode":"KE032","admin2_name":"Subukia","admin2_pcode":"KE032172","area_sqkm":454.25502196,"gaul1_code":1383}},{"arcs":[[-471,-568,-571,824,-786,825]],"type":"Polygon","properties":{"admin1_name":"Migori","admin1_pcode":"KE044","admin2_name":"Suna East","admin2_pcode":"KE044255","area_sqkm":206.68162545,"gaul1_code":1379}},{"arcs":[[-570,826,-787,-825]],"type":"Polygon","properties":{"admin1_name":"Migori","admin1_pcode":"KE044","admin2_name":"Suna West","admin2_pcode":"KE044256","area_sqkm":284.15681995,"gaul1_code":1379}},{"arcs":[[-167,827,-659,828]],"type":"Polygon","properties":{"admin1_name":"Wajir","admin1_pcode":"KE008","admin2_name":"Tarbaj","admin2_pcode":"KE008035","area_sqkm":7544.37103586,"gaul1_code":1398}},{"arcs":[[-371,829,830,-734,831]],"type":"Polygon","properties":{"admin1_name":"Taita Taveta","admin1_pcode":"KE006","admin2_name":"Taveta","admin2_pcode":"KE006023","area_sqkm":4007.26942629,"gaul1_code":1391}},{"arcs":[[-102,-750,832,833,-817]],"type":"Polygon","properties":{"admin1_name":"Busia","admin1_pcode":"KE040","admin2_name":"Teso North","admin2_pcode":"KE040225","area_sqkm":254.07397094,"gaul1_code":1356}},{"arcs":[[-679,834,-833,-749]],"type":"Polygon","properties":{"admin1_name":"Busia","admin1_pcode":"KE040","admin2_name":"Teso South","admin2_pcode":"KE040226","area_sqkm":304.31938202,"gaul1_code":1356}},{"arcs":[[-451,-790,-689,-725,-793,-507]],"type":"Polygon","properties":{"admin1_name":"Nyeri","admin1_pcode":"KE019","admin2_name":"Tetu","admin2_pcode":"KE019094","area_sqkm":358.51357373,"gaul1_code":1388}},{"arcs":[[-131,-776,835,836,-298,-742,-813,-767,-638,-819]],"type":"Polygon","properties":{"admin1_name":"Tharaka-Nithi","admin1_pcode":"KE013","admin2_name":"Tharaka","admin2_pcode":"KE013062","area_sqkm":1477.94740177,"gaul1_code":1393}},{"arcs":[[-247,837,-699,-323,-252]],"type":"Polygon","properties":{"admin1_name":"Kiambu","admin1_pcode":"KE022","admin2_name":"Thika Town","admin2_pcode":"KE022114","area_sqkm":219.10537687,"gaul1_code":1365}},{"arcs":[[-49,-675,-671,-816,838,-811,-586,-579,-51]],"type":"Polygon","properties":{"admin1_name":"Baringo","admin1_pcode":"KE030","admin2_name":"Tiaty","admin2_pcode":"KE030157","area_sqkm":4446.5018539,"gaul1_code":1353}},{"arcs":[[-291,-299,-837,839,-311]],"type":"Polygon","properties":{"admin1_name":"Meru","admin1_pcode":"KE012","admin2_name":"Tigania East","admin2_pcode":"KE012055","area_sqkm":833.31638887,"gaul1_code":1378}},{"arcs":[[-123,-312,-840,-836,-775]],"type":"Polygon","properties":{"admin1_name":"Meru","admin1_pcode":"KE012","admin2_name":"Tigania West","admin2_pcode":"KE012054","area_sqkm":391.49200242,"gaul1_code":1378}},{"arcs":[[-11,-751,-433,-512,-515,-723]],"type":"Polygon","properties":{"admin1_name":"Nandi","admin1_pcode":"KE029","admin2_name":"Tinderet","admin2_pcode":"KE029151","area_sqkm":541.6892369,"gaul1_code":1384}},{"arcs":[[-486,-491,-612,-626,840]],"type":"Polygon","properties":{"admin1_name":"Bungoma","admin1_pcode":"KE039","admin2_name":"Tongaren","admin2_pcode":"KE039224","area_sqkm":375.43925894,"gaul1_code":1355}},{"arcs":[[-406,-713,-648,-621,-610,-820,-707]],"type":"Polygon","properties":{"admin1_name":"Uasin Gishu","admin1_pcode":"KE027","admin2_name":"Turbo","admin2_pcode":"KE027142","area_sqkm":435.05778745,"gaul1_code":1396}},{"arcs":[[-592,841,842,-617,843,-772]],"type":"Polygon","properties":{"admin1_name":"Turkana","admin1_pcode":"KE023","admin2_name":"Turkana Central","admin2_pcode":"KE023125","area_sqkm":6615.80675614,"gaul1_code":1395}},{"arcs":[[-591,-810,-812,-839,-815,844,-842]],"type":"Polygon","properties":{"admin1_name":"Turkana","admin1_pcode":"KE023","admin2_name":"Turkana East","admin2_pcode":"KE023128","area_sqkm":11183.87105938,"gaul1_code":1395}},{"arcs":[[-616,845,846,-773,-844]],"type":"Polygon","properties":{"admin1_name":"Turkana","admin1_pcode":"KE023","admin2_name":"Turkana North","admin2_pcode":"KE023123","area_sqkm":20482.24260698,"gaul1_code":1395}},{"arcs":[[-344,-618,-843,-845,-814,-401]],"type":"Polygon","properties":{"admin1_name":"Turkana","admin1_pcode":"KE023","admin2_name":"Turkana South","admin2_pcode":"KE023127","area_sqkm":7419.5486756,"gaul1_code":1395}},{"arcs":[[-615,847,-846]],"type":"Polygon","properties":{"admin1_name":"Turkana","admin1_pcode":"KE023","admin2_name":"Turkana West","admin2_pcode":"KE023124","area_sqkm":14684.24807286,"gaul1_code":1395}},{"arcs":[[-22,-217,-120,-697,-730,848]],"type":"Polygon","properties":{"admin1_name":"Siaya","admin1_pcode":"KE041","admin2_name":"Ugenya","admin2_pcode":"KE041232","area_sqkm":321.05934445,"gaul1_code":1390}},{"arcs":[[-17,-849,-729,-117,-259]],"type":"Polygon","properties":{"admin1_name":"Siaya","admin1_pcode":"KE041","admin2_name":"Ugunja","admin2_pcode":"KE041233","area_sqkm":199.17755302,"gaul1_code":1390}},{"arcs":[[-24,-472,-826,-785,-762]],"type":"Polygon","properties":{"admin1_name":"Migori","admin1_pcode":"KE044","admin2_name":"Uriri","admin2_pcode":"KE044257","area_sqkm":383.77929731,"gaul1_code":1379}},{"arcs":[[-199,-806,-280,-531,-619]],"type":"Polygon","properties":{"admin1_name":"Vihiga","admin1_pcode":"KE038","admin2_name":"Vihiga","admin2_pcode":"KE038211","area_sqkm":89.52488194,"gaul1_code":1397}},{"arcs":[[-235,-499,-736,849,-830,-370,-446,-546,-241,-643]],"type":"Polygon","properties":{"admin1_name":"Taita Taveta","admin1_pcode":"KE006","admin2_name":"Voi","admin2_pcode":"KE006026","area_sqkm":8581.29248601,"gaul1_code":1391}},{"arcs":[[-168,-829,-658,850,851,852]],"type":"Polygon","properties":{"admin1_name":"Wajir","admin1_pcode":"KE008","admin2_name":"Wajir East","admin2_pcode":"KE008034","area_sqkm":4279.58031917,"gaul1_code":1398}},{"arcs":[[-173,-716,853,-661,-828]],"type":"Polygon","properties":{"admin1_name":"Wajir","admin1_pcode":"KE008","admin2_name":"Wajir North","admin2_pcode":"KE008033","area_sqkm":10398.86500056,"gaul1_code":1398}},{"arcs":[[-151,-578,-314,854,-852,855]],"type":"Polygon","properties":{"admin1_name":"Wajir","admin1_pcode":"KE008","admin2_name":"Wajir South","admin2_pcode":"KE008038","area_sqkm":21580.6221263,"gaul1_code":1398}},{"arcs":[[-169,-853,-855,-313]],"type":"Polygon","properties":{"admin1_name":"Wajir","admin1_pcode":"KE008","admin2_name":"Wajir West","admin2_pcode":"KE008036","area_sqkm":8124.32104518,"gaul1_code":1398}},{"arcs":[[-487,-841,-625,856]],"type":"Polygon","properties":{"admin1_name":"Bungoma","admin1_pcode":"KE039","admin2_name":"Webuye East","admin2_pcode":"KE039221","area_sqkm":163.95550759,"gaul1_code":1355}},{"arcs":[[-340,-488,-857,-624,-759,-388]],"type":"Polygon","properties":{"admin1_name":"Bungoma","admin1_pcode":"KE039","admin2_name":"Webuye West","admin2_pcode":"KE039222","area_sqkm":236.07019054,"gaul1_code":1355}},{"arcs":[[-95,-556,-549,-334,-777]],"type":"Polygon","properties":{"admin1_name":"Nyamira","admin1_pcode":"KE046","admin2_name":"West Mugirango","admin2_pcode":"KE046271","area_sqkm":179.82221119,"gaul1_code":1386}},{"arcs":[[-154,-464,-329,-437,-440,-804,-682,-821,-479]],"type":"Polygon","properties":{"admin1_name":"Nairobi","admin1_pcode":"KE047","admin2_name":"Westlands","admin2_pcode":"KE047274","area_sqkm":72.70426971,"gaul1_code":1382}},{"arcs":[[-735,-831,-850]],"type":"Polygon","properties":{"admin1_name":"Taita Taveta","admin1_pcode":"KE006","admin2_name":"Wundanyi","admin2_pcode":"KE006024","area_sqkm":850.95271696,"gaul1_code":1391}},{"arcs":[[-246,-677,-543,-732,-700,-838]],"type":"Polygon","properties":{"admin1_name":"Machakos","admin1_pcode":"KE016","admin2_name":"Yatta","admin2_pcode":"KE016076","area_sqkm":1060.93373705,"gaul1_code":1374}}]}}}